Department_code;Department;Constituency_code;Constituency;Commune_code;Commune;Polling_station;Registered;Abstentions;Voters;Sex;City
3;Allier;2;Second;314;Villebret;1;1037;179;858;M;Villebret
3;Allier;2;Second;315;Villefranche-d'Allier;1;938;182;756;M;Villefranche-d'Allier
3;Allier;1;First;316;Villeneuve-sur-Allier;1;727;146;581;F;Villeneuve-sur-Allier
3;Allier;2;Second;317;Viplaix;1;280;69;211;M;Viplaix
3;Allier;1;First;321;Yzeure;2;666;127;539;M;Yzeure
3;Allier;1;First;321;Yzeure;2;666;127;539;M;Yzeure
3;Allier;1;First;321;Yzeure;2;666;127;539;M;Yzeure
3;Allier;1;First;321;Yzeure;11;822;148;674;M;Yzeure
3;Allier;1;First;321;Yzeure;12;939;157;782;M;Yzeure
4;Alpes-de-Haute-Provence;1;First;1;Aiglun;1;896;116;780;F;Aiglun
4;Alpes-de-Haute-Provence;1;First;5;Allons;1;106;10;96;M;Allons
4;Alpes-de-Haute-Provence;1;First;7;Angles;1;66;14;52;M;Angles
4;Alpes-de-Haute-Provence;1;First;7;Angles;1;66;14;52;M;Angles
4;Alpes-de-Haute-Provence;1;First;8;Annot;1;877;156;721;M;Annot
4;Alpes-de-Haute-Provence;2;Second;18;Banon;1;760;120;640;M;Banon
4;Alpes-de-Haute-Provence;2;Second;19;Barcelonnette;1;1853;447;1406;M;Barcelonnette
4;Alpes-de-Haute-Provence;2;Second;20;Barles;1;118;16;102;M;Barles
4;Alpes-de-Haute-Provence;2;Second;20;Barles;1;118;16;102;M;Barles
4;Alpes-de-Haute-Provence;1;First;22;Barrême;1;372;84;288;M;Barrême
4;Alpes-de-Haute-Provence;1;First;22;Barrême;1;372;84;288;F;Barrême
4;Alpes-de-Haute-Provence;1;First;25;Beauvezer;1;345;70;275;M;Beauvezer
4;Alpes-de-Haute-Provence;1;First;25;Beauvezer;1;345;70;275;M;Beauvezer
4;Alpes-de-Haute-Provence;1;First;25;Beauvezer;1;345;70;275;M;Beauvezer
4;Alpes-de-Haute-Provence;2;Second;26;Bellaffaire;1;146;20;126;M;Bellaffaire
4;Alpes-de-Haute-Provence;1;First;30;Blieux;1;65;8;57;M;Blieux
4;Alpes-de-Haute-Provence;1;First;31;Bras-d'Asse;1;439;72;367;M;Bras-d'Asse
4;Alpes-de-Haute-Provence;1;First;32;Braux;1;169;31;138;M;Braux
4;Alpes-de-Haute-Provence;2;Second;33;Ubaye-Serre-Ponçon;1;283;44;239;M;La Bréole
4;Alpes-de-Haute-Provence;1;First;34;La Brillanne;1;718;111;607;F;La Brillanne
4;Alpes-de-Haute-Provence;2;Second;37;Le Caire;1;81;18;63;M;Le Caire
4;Alpes-de-Haute-Provence;1;First;39;Castellane;1;1099;180;919;M;Castellane
4;Alpes-de-Haute-Provence;1;First;42;Castellet-lès-Sausses;1;135;15;120;M;Castellet-lès-Sausses
4;Alpes-de-Haute-Provence;1;First;47;Champtercier;1;584;90;494;M;Champtercier
4;Alpes-de-Haute-Provence;1;First;49;Château-Arnoux-Saint-Auban;3;932;199;733;M;Château-Arnoux-Saint-Auban
4;Alpes-de-Haute-Provence;1;First;53;Châteauneuf-Val-Saint-Donat;1;416;61;355;M;Châteauneuf-Val-Saint-Donat
4;Alpes-de-Haute-Provence;2;Second;57;Clamensane;1;168;26;142;M;Clamensane
4;Alpes-de-Haute-Provence;2;Second;58;Claret;1;187;26;161;M;Claret
4;Alpes-de-Haute-Provence;1;First;59;Clumanc;1;202;35;167;M;Clumanc
4;Alpes-de-Haute-Provence;2;Second;65;Cruis;1;563;106;457;M;Cruis
4;Alpes-de-Haute-Provence;2;Second;67;Curel;1;47;2;45;M;Curel
4;Alpes-de-Haute-Provence;2;Second;68;Dauphin;1;644;99;545;M;Dauphin
4;Alpes-de-Haute-Provence;1;First;70;Digne-les-Bains;1;899;212;687;M;Digne-les-Bains
4;Alpes-de-Haute-Provence;1;First;70;Digne-les-Bains;5;1072;215;857;M;Digne-les-Bains
4;Alpes-de-Haute-Provence;1;First;70;Digne-les-Bains;6;808;141;667;M;Digne-les-Bains
4;Alpes-de-Haute-Provence;1;First;70;Digne-les-Bains;6;808;141;667;M;Digne-les-Bains
4;Alpes-de-Haute-Provence;1;First;70;Digne-les-Bains;10;964;195;769;M;Digne-les-Bains
4;Alpes-de-Haute-Provence;1;First;70;Digne-les-Bains;10;964;195;769;M;Digne-les-Bains
4;Alpes-de-Haute-Provence;1;First;70;Digne-les-Bains;11;1053;213;840;M;Digne-les-Bains
8;Ardennes;1;First;105;Charleville-Mézières;5;805;209;596;M;Charleville-Mézières
8;Ardennes;1;First;105;Charleville-Mézières;5;805;209;596;M;Charleville-Mézières
8;Ardennes;1;First;105;Charleville-Mézières;7;1122;276;846;M;Charleville-Mézières
8;Ardennes;1;First;105;Charleville-Mézières;7;1122;276;846;M;Charleville-Mézières
8;Ardennes;1;First;105;Charleville-Mézières;15;598;192;406;M;Charleville-Mézières
8;Ardennes;1;First;105;Charleville-Mézières;15;598;192;406;M;Charleville-Mézières
8;Ardennes;1;First;105;Charleville-Mézières;18;653;258;395;M;Charleville-Mézières
8;Ardennes;1;First;105;Charleville-Mézières;20;1551;671;880;F;Charleville-Mézières
8;Ardennes;1;First;105;Charleville-Mézières;24;648;203;445;M;Charleville-Mézières
8;Ardennes;1;First;105;Charleville-Mézières;29;1225;349;876;M;Charleville-Mézières
8;Ardennes;2;Second;105;Charleville-Mézières;1;898;275;623;M;Charleville-Mézières
8;Ardennes;2;Second;105;Charleville-Mézières;10;1063;331;732;M;Charleville-Mézières
8;Ardennes;2;Second;105;Charleville-Mézières;14;796;172;624;M;Charleville-Mézières
8;Ardennes;2;Second;105;Charleville-Mézières;25;689;269;420;F;Charleville-Mézières
8;Ardennes;2;Second;105;Charleville-Mézières;25;689;269;420;M;Charleville-Mézières
8;Ardennes;2;Second;110;Le Châtelet-sur-Sormonne;1;129;31;98;M;Le Châtelet-sur-Sormonne
8;Ardennes;2;Second;110;Le Châtelet-sur-Sormonne;1;129;31;98;F;Le Châtelet-sur-Sormonne
8;Ardennes;1;First;111;Le Châtelet-sur-Retourne;1;540;99;441;M;Le Châtelet-sur-Retourne
8;Ardennes;1;First;113;Chaumont-Porcien;2;43;7;36;M;Chaumont-Porcien
8;Ardennes;3;Third;115;CHEMERY-CHEHERY;1;268;50;218;F;Chémery-Chéhéry
8;Ardennes;3;Third;116;BAIRON ET SES ENVIRONS;3;61;18;43;M;Bairon et ses environs
8;Ardennes;1;First;117;Chesnois-Auboncourt;1;125;22;103;M;Chesnois-Auboncourt
8;Ardennes;3;Third;119;Cheveuges;1;301;30;271;F;Cheveuges
8;Ardennes;2;Second;122;Chooz;1;588;123;465;F;
8;Ardennes;1;First;124;Clavy-Warby;1;285;49;236;M;Clavy-Warby
8;Ardennes;2;Second;125;Cliron;1;276;26;250;F;Cliron
8;Ardennes;1;First;133;Coucy;1;198;31;167;M;Coucy
8;Ardennes;1;First;133;Coucy;1;198;31;167;M;Coucy
8;Ardennes;3;Third;135;La Croix-aux-Bois;1;123;20;103;F;La Croix-aux-Bois
8;Ardennes;3;Third;138;Les Deux-Villes;1;160;25;135;M;Les Deux-Villes
8;Ardennes;2;Second;139;Deville;1;720;171;549;M;Deville
8;Ardennes;1;First;140;Dom-le-Mesnil;1;838;177;661;M;Dom-le-Mesnil
8;Ardennes;3;Third;142;Donchery;1;800;236;564;M;Donchery
8;Ardennes;3;Third;142;Donchery;2;903;194;709;F;Donchery
8;Ardennes;1;First;143;Doumely-Bégny;1;72;17;55;M;Doumely-Bégny
8;Ardennes;1;First;144;Doux;1;66;7;59;M;Doux
8;Ardennes;1;First;144;Doux;1;66;7;59;M;Doux
8;Ardennes;3;Third;145;Douzy;2;180;23;157;M;
8;Ardennes;1;First;148;L'Ecaille;1;174;20;154;M;L'Écaille
8;Ardennes;1;First;149;L'Echelle;1;117;13;104;M;L'Échelle
8;Ardennes;1;First;149;L'Echelle;1;117;13;104;M;L'Échelle
8;Ardennes;1;First;149;L'Echelle;1;117;13;104;M;L'Échelle
8;Ardennes;3;Third;151;Ecordal;1;235;36;199;M;Écordal
8;Ardennes;1;First;154;Estrebay;1;62;8;54;M;Estrebay
8;Ardennes;1;First;156;Eteignières;1;336;64;272;F;Éteignières
8;Ardennes;3;Third;342;Pouru-aux-Bois;1;220;41;179;M;Pouru-aux-Bois
8;Ardennes;3;Third;343;Pouru-Saint-Remy;1;869;186;683;M;Pouru-Saint-Remy
8;Ardennes;2;Second;346;Prix-lès-Mézières;1;1141;224;917;F;Prix-lès-Mézières
8;Ardennes;3;Third;350;Quatre-Champs;1;182;33;149;M;
8;Ardennes;1;First;352;Raillicourt;1;177;35;142;F;
8;Ardennes;2;Second;361;Renwez;1;1237;208;1029;F;
8;Ardennes;1;First;362;Rethel;3;1089;290;799;M;Rethel
29;Finistère;4;Fourth;207;Plourin-lès-Morlaix;1;1320;180;1140;M;Plourin-lès-Morlaix
29;Finistère;4;Fourth;207;Plourin-lès-Morlaix;2;938;144;794;M;Plourin-lès-Morlaix
29;Finistère;3;Third;208;Plourin;1;881;120;761;M;Plourin
29;Finistère;3;Third;212;Plouzané;11;840;184;656;M;Plouzané
29;Finistère;4;Fourth;213;Plouzévédé;1;1256;190;1066;F;Plouzévédé
29;Finistère;7;Seventh;214;Plovan;1;633;98;535;M;Plovan
29;Finistère;7;Seventh;215;Plozévet;1;874;147;727;M;Plozévet
29;Finistère;1;First;216;Pluguffan;3;1033;89;944;M;Pluguffan
29;Finistère;8;Eight;217;Pont-Aven;3;919;146;773;M;Pont-Aven
29;Finistère;7;Seventh;218;Pont-Croix;1;592;107;485;M;Pont-Croix
29;Finistère;7;Seventh;220;Pont-l'Abbé;1;1071;297;774;F;Pont-l'Abbé
29;Finistère;7;Seventh;220;Pont-l'Abbé;6;996;235;761;F;Pont-l'Abbé
29;Finistère;7;Seventh;220;Pont-l'Abbé;7;916;186;730;M;Pont-l'Abbé
29;Finistère;7;Seventh;224;Pouldergat;1;981;150;831;F;Pouldergat
29;Finistère;7;Seventh;224;Pouldergat;1;981;150;831;M;Pouldergat
29;Finistère;7;Seventh;224;Pouldergat;1;981;150;831;M;Pouldergat
29;Finistère;7;Seventh;225;Pouldreuzic;1;882;143;739;M;Pouldreuzic
29;Finistère;6;Sixth;229;Quéménéven;1;661;94;567;M;Quéménéven
29;Finistère;8;Eight;230;Querrien;1;652;105;547;M;Querrien
29;Finistère;8;Eight;230;Querrien;1;652;105;547;M;Querrien
29;Finistère;8;Eight;230;Querrien;2;699;98;601;M;Querrien
29;Finistère;1;First;232;Quimper;1;916;158;758;F;Quimper
29;Finistère;1;First;232;Quimper;2;814;155;659;M;Quimper
29;Finistère;1;First;232;Quimper;2;814;155;659;M;Quimper
29;Finistère;1;First;232;Quimper;3;899;159;740;M;Quimper
29;Finistère;1;First;232;Quimper;4;781;132;649;F;Quimper
29;Finistère;1;First;232;Quimper;9;882;202;680;M;Quimper
29;Finistère;1;First;232;Quimper;10;718;126;592;M;Quimper
29;Finistère;1;First;232;Quimper;11;649;168;481;F;Quimper
29;Finistère;1;First;232;Quimper;12;776;149;627;F;Quimper
29;Finistère;1;First;232;Quimper;14;902;197;705;M;Quimper
29;Finistère;1;First;232;Quimper;15;852;138;714;M;Quimper
29;Finistère;1;First;232;Quimper;15;852;138;714;M;Quimper
29;Finistère;1;First;232;Quimper;18;605;140;465;M;Quimper
29;Finistère;6;Sixth;78;Hanvec;1;875;110;765;M;Hanvec
29;Finistère;6;Sixth;80;Hôpital-Camfrout;1;1003;150;853;M;Hôpital-Camfrout
29;Finistère;6;Sixth;81;Huelgoat;1;485;87;398;M;Huelgoat
29;Finistère;3;Third;84;Ile-Molène;1;291;89;202;M;Île-Molène
29;Finistère;7;Seventh;87;Le Juch;1;541;62;479;M;Le Juch
29;Finistère;3;Third;93;Kernilis;1;941;105;836;M;Kernilis
29;Finistère;3;Third;95;Kersaint-Plabennec;1;996;121;875;M;Kersaint-Plabennec
29;Finistère;5;Fifth;97;Lampaul-Guimiliau;1;802;129;673;M;Lampaul-Guimiliau
29;Finistère;5;Fifth;101;Landéda;1;1008;159;849;M;Landéda
29;Finistère;6;Sixth;102;Landeleau;1;720;141;579;M;Landeleau
29;Finistère;5;Fifth;103;Landerneau;8;934;159;775;F;Landerneau
29;Finistère;5;Fifth;103;Landerneau;9;963;136;827;M;Landerneau
29;Finistère;5;Fifth;103;Landerneau;11;970;168;802;M;Landerneau
29;Finistère;5;Fifth;105;Landivisiau;1;876;142;734;M;Landivisiau
29;Finistère;5;Fifth;105;Landivisiau;2;920;164;756;M;Landivisiau
29;Finistère;5;Fifth;105;Landivisiau;3;892;177;715;M;Landivisiau
29;Finistère;5;Fifth;105;Landivisiau;4;879;199;680;M;Landivisiau
29;Finistère;5;Fifth;105;Landivisiau;7;974;140;834;M;Landivisiau
29;Finistère;1;First;110;Langolen;1;643;87;556;M;Langolen
29;Finistère;4;Fourth;113;Lanmeur;2;836;146;690;F;Lanmeur
29;Finistère;6;Sixth;115;Lannédern;1;247;46;201;F;Lannédern
29;Finistère;6;Sixth;115;Lannédern;1;247;46;201;F;Lannédern
29;Finistère;6;Sixth;122;Laz;1;529;84;445;M;Laz
29;Finistère;6;Sixth;123;Lennon;1;585;104;481;F;Lennon
29;Finistère;4;Fourth;128;Loc-Eguiner;1;260;33;227;M;Loc-Eguiner
29;Finistère;6;Sixth;129;Locmaria-Berrien;1;197;31;166;M;Locmaria-Berrien
29;Finistère;3;Third;130;Locmaria-Plouzané;2;933;120;813;M;Locmaria-Plouzané
29;Finistère;4;Fourth;132;Locquénolé;1;620;81;539;M;Locquénolé
29;Finistère;4;Fourth;133;Locquirec;1;618;105;513;M;Locquirec
29;Finistère;6;Sixth;172;Plomodiern;2;954;143;811;M;Plomodiern
29;Finistère;6;Sixth;172;Plomodiern;2;954;143;811;M;Plomodiern
29;Finistère;7;Seventh;174;Plonéour-Lanvern;2;933;124;809;F;Plonéour-Lanvern
29;Finistère;3;Third;177;Plouarzel;3;968;157;811;M;Plouarzel
29;Finistère;3;Third;178;Ploudalmézeau;2;762;142;620;M;Ploudalmézeau
29;Finistère;3;Third;178;Ploudalmézeau;2;762;142;620;M;Ploudalmézeau
29;Finistère;3;Third;178;Ploudalmézeau;6;956;133;823;F;Ploudalmézeau
29;Finistère;5;Fifth;179;Ploudaniel;1;915;136;779;M;Ploudaniel
29;Finistère;5;Fifth;179;Ploudaniel;2;841;100;741;F;Ploudaniel
29;Finistère;5;Fifth;179;Ploudaniel;2;841;100;741;M;Ploudaniel
29;Finistère;5;Fifth;179;Ploudaniel;3;993;125;868;M;Ploudaniel
29;Finistère;5;Fifth;185;Plouescat;2;955;203;752;M;Plouescat
29;Finistère;4;Fourth;188;Plougasnou;1;802;110;692;F;Plougasnou
29;Finistère;6;Sixth;189;Plougastel-Daoulas;1;970;147;823;M;Plougastel-Daoulas
29;Finistère;6;Sixth;189;Plougastel-Daoulas;5;888;161;727;M;Plougastel-Daoulas
29;Finistère;6;Sixth;189;Plougastel-Daoulas;8;773;112;661;M;Plougastel-Daoulas
29;Finistère;6;Sixth;189;Plougastel-Daoulas;8;773;112;661;M;Plougastel-Daoulas
29;Finistère;6;Sixth;189;Plougastel-Daoulas;9;913;130;783;F;Plougastel-Daoulas
29;Finistère;3;Third;190;Plougonvelin;1;1124;143;981;F;Plougonvelin
29;Finistère;3;Third;190;Plougonvelin;1;1124;143;981;M;Plougonvelin
29;Finistère;4;Fourth;191;Plougonven;2;212;21;191;M;Plougonven
29;Finistère;3;Third;196;Plouguin;1;797;98;699;M;Plouguin
29;Finistère;3;Third;196;Plouguin;2;833;128;705;M;Plouguin
29;Finistère;7;Seventh;197;Plouhinec;1;1097;191;906;F;Plouhinec
29;Finistère;7;Seventh;197;Plouhinec;2;982;199;783;M;Plouhinec
29;Finistère;7;Seventh;197;Plouhinec;3;696;150;546;M;Plouhinec
29;Finistère;7;Seventh;197;Plouhinec;4;739;153;586;M;Plouhinec
29;Finistère;5;Fifth;198;Plouider;1;773;115;658;M;Plouider
29;Finistère;4;Fourth;199;Plouigneau;2;1381;211;1170;M;Plouigneau
29;Finistère;4;Fourth;199;Plouigneau;3;1182;163;1019;M;Plouigneau
29;Finistère;5;Fifth;204;Plounéventer;1;770;114;656;M;Plounéventer
29;Finistère;5;Fifth;204;Plounéventer;1;770;114;656;M;Plounéventer
29;Finistère;8;Eight;31;Clohars-Carnoët;3;952;159;793;F;Clohars-Carnoët
29;Finistère;8;Eight;31;Clohars-Carnoët;4;1007;165;842;F;Clohars-Carnoët
29;Finistère;1;First;32;Clohars-Fouesnant;1;953;125;828;F;Clohars-Fouesnant
29;Finistère;6;Sixth;36;Collorec;1;465;115;350;F;Collorec
29;Finistère;7;Seventh;37;Combrit;2;1170;176;994;M;Combrit
7;Ardèche;3;Third;134;Laurac-en-Vivarais;1;752;123;629;M;Laurac-en-Vivarais
7;Ardèche;3;Third;137;Lavillatte;1;68;10;58;M;Lavillatte
7;Ardèche;3;Third;138;Lavilledieu;1;776;131;645;M;Lavilledieu
7;Ardèche;3;Third;138;Lavilledieu;1;776;131;645;M;Lavilledieu
7;Ardèche;3;Third;142;Lespéron;1;259;40;219;M;Lespéron
7;Ardèche;3;Third;144;Loubaresse;1;46;5;41;M;Loubaresse
7;Ardèche;3;Third;144;Loubaresse;1;46;5;41;M;Loubaresse
7;Ardèche;3;Third;144;Loubaresse;1;46;5;41;M;Loubaresse
7;Ardèche;1;First;146;Lyas;2;344;46;298;M;Lyas
7;Ardèche;3;Third;147;Malarce-sur-la-Thines;1;90;24;66;M;Malarce-sur-la-Thines
7;Ardèche;3;Third;147;Malarce-sur-la-Thines;2;99;24;75;F;Malarce-sur-la-Thines
7;Ardèche;3;Third;147;Malarce-sur-la-Thines;3;32;11;21;M;Malarce-sur-la-Thines
7;Ardèche;3;Third;147;Malarce-sur-la-Thines;3;32;11;21;M;Malarce-sur-la-Thines
7;Ardèche;3;Third;148;Malbosc;1;186;40;146;F;Malbosc
7;Ardèche;1;First;150;Mariac;1;506;83;423;F;Mariac
7;Ardèche;3;Third;153;Mayres;1;215;34;181;F;Mayres
7;Ardèche;3;Third;154;Mazan-l'Abbaye;1;192;43;149;M;Mazan-l'Abbaye
7;Ardèche;3;Third;156;Meyras;1;704;114;590;M;Meyras
7;Ardèche;3;Third;158;Mézilhac;1;112;16;96;M;Mézilhac
7;Ardèche;3;Third;159;Mirabel;1;429;56;373;M;Mirabel
7;Ardèche;3;Third;159;Mirabel;1;429;56;373;M;Mirabel
7;Ardèche;3;Third;162;Montréal;1;416;56;360;M;Montréal
7;Ardèche;3;Third;162;Montréal;1;416;56;360;M;Montréal
7;Ardèche;3;Third;163;Montselgues;1;85;16;69;M;Montselgues
7;Ardèche;3;Third;173;Péreyres;1;54;7;47;F;Péreyres
7;Ardèche;2;Second;174;Peyraud;1;333;49;284;F;Peyraud
7;Ardèche;3;Third;175;Plagnal (Le);1;58;18;40;M;Le Plagnal
7;Ardèche;3;Third;178;Pont-de-Labeaume;1;424;69;355;F;Pont-de-Labeaume
7;Ardèche;1;First;179;Pourchères;1;145;30;115;F;Pourchères
7;Ardèche;1;First;179;Pourchères;1;145;30;115;M;Pourchères
7;Ardèche;1;First;179;Pourchères;1;145;30;115;M;Pourchères
7;Ardèche;2;Second;185;Préaux;1;508;81;427;M;Préaux
7;Ardèche;1;First;186;Privas;3;882;284;598;M;Privas
7;Ardèche;1;First;186;Privas;5;1125;225;900;M;Privas
7;Ardèche;3;Third;189;Ribes;1;223;30;193;M;Ribes
7;Ardèche;3;Third;189;Ribes;1;223;30;193;M;Ribes
7;Ardèche;3;Third;190;Rochecolombe;1;186;27;159;M;Rochecolombe
7;Ardèche;3;Third;193;Rocher;1;156;44;112;M;Rocher
7;Ardèche;3;Third;193;Rocher;1;156;44;112;M;Rocher
7;Ardèche;3;Third;196;Rocles;1;192;21;171;M;Rocles
7;Ardèche;2;Second;197;Roiffieux;1;1109;172;937;M;Roiffieux
7;Ardèche;3;Third;199;Rosières;1;1053;195;858;M;Rosières
7;Ardèche;3;Third;202;Sablières;1;167;41;126;F;Sablières
7;Ardèche;3;Third;202;Sablières;1;167;41;126;M;Sablières
7;Ardèche;3;Third;203;Sagnes-et-Goudoulet;1;134;18;116;M;Sagnes-et-Goudoulet
7;Ardèche;2;Second;204;Saint-Agrève;1;968;199;769;M;Saint-Agrève
7;Ardèche;2;Second;204;Saint-Agrève;2;1057;209;848;M;Saint-Agrève
7;Ardèche;3;Third;206;Saint-Alban-en-Montagne;1;84;23;61;F;Saint-Alban-en-Montagne
7;Ardèche;3;Third;207;Saint-Alban-Auriolles;1;889;183;706;M;Saint-Alban-Auriolles
7;Ardèche;3;Third;210;Saint-Andéol-de-Vals;1;444;74;370;M;Saint-Andéol-de-Vals
7;Ardèche;3;Third;211;Saint-André-de-Cruzières;1;391;40;351;M;Saint-André-de-Cruzières
7;Ardèche;2;Second;212;Saint-André-en-Vivarais;1;199;40;159;F;Saint-André-en-Vivarais
7;Ardèche;2;Second;212;Saint-André-en-Vivarais;1;199;40;159;M;Saint-André-en-Vivarais
6;Alpes-Maritimes;6;Sixth;161;Villeneuve-Loubet;7;875;129;746;M;Villeneuve-Loubet
6;Alpes-Maritimes;6;Sixth;161;Villeneuve-Loubet;7;875;129;746;M;Villeneuve-Loubet
6;Alpes-Maritimes;6;Sixth;161;Villeneuve-Loubet;10;1149;167;982;F;Villeneuve-Loubet
6;Alpes-Maritimes;6;Sixth;161;Villeneuve-Loubet;10;1149;167;982;F;Villeneuve-Loubet
6;Alpes-Maritimes;6;Sixth;161;Villeneuve-Loubet;12;922;138;784;M;Villeneuve-Loubet
6;Alpes-Maritimes;4;Fourth;163;Tende;1;555;142;413;M;Tende
6;Alpes-Maritimes;4;Fourth;163;Tende;1;555;142;413;M;Tende
6;Alpes-Maritimes;4;Fourth;163;Tende;3;352;72;280;M;Tende
7;Ardèche;3;Third;2;Ailhon;1;427;61;366;M;Ailhon
7;Ardèche;1;First;4;Ajoux;1;93;9;84;M;Ajoux
7;Ardèche;1;First;6;Albon d'Ardèche;1;148;34;114;M;Albon-d'Ardèche
7;Ardèche;2;Second;10;Annonay;3;1225;359;866;M;Annonay
7;Ardèche;2;Second;10;Annonay;4;843;247;596;F;Annonay
7;Ardèche;2;Second;10;Annonay;6;1169;395;774;F;Annonay
7;Ardèche;2;Second;10;Annonay;13;905;168;737;M;Annonay
7;Ardèche;1;First;12;Arcens;1;328;56;272;M;Arcens
7;Ardèche;1;First;12;Arcens;1;328;56;272;M;Arcens
7;Ardèche;2;Second;14;Arlebosc;1;312;33;279;M;Arlebosc
7;Ardèche;3;Third;17;Assions (Les);1;543;77;466;M;Les Assions
7;Ardèche;3;Third;19;Aubenas;6;1396;329;1067;M;Aubenas
7;Ardèche;3;Third;19;Aubenas;8;1136;260;876;F;Aubenas
7;Ardèche;1;First;22;Baix;1;738;94;644;M;Baix
7;Ardèche;3;Third;29;Beaumont;1;219;26;193;M;Beaumont
7;Ardèche;1;First;30;Beauvène;1;210;25;185;M;Beauvène
7;Ardèche;3;Third;31;Berrias-et-Casteljau;2;247;36;211;F;Berrias-et-Casteljau
7;Ardèche;1;First;34;Bidon;1;177;18;159;M;Bidon
7;Ardèche;2;Second;36;Bogy;1;318;29;289;F;Bogy
7;Ardèche;3;Third;38;Borne;1;48;6;42;M;Borne
7;Ardèche;2;Second;40;Boucieu-le-Roi;1;199;28;171;M;Boucieu-le-Roi
7;Ardèche;1;First;42;Bourg-Saint-Andéol;2;777;219;558;M;Bourg-Saint-Andéol
7;Ardèche;1;First;42;Bourg-Saint-Andéol;4;1051;252;799;F;Bourg-Saint-Andéol
7;Ardèche;1;First;42;Bourg-Saint-Andéol;4;1051;252;799;M;Bourg-Saint-Andéol
7;Ardèche;1;First;42;Bourg-Saint-Andéol;5;983;143;840;F;Bourg-Saint-Andéol
7;Ardèche;1;First;42;Bourg-Saint-Andéol;6;658;168;490;M;Bourg-Saint-Andéol
7;Ardèche;2;Second;44;Brossainc;1;194;41;153;M;Brossainc
7;Ardèche;1;First;48;Chalencon;1;288;44;244;M;Chalencon
7;Ardèche;2;Second;52;Champis;1;448;65;383;M;Champis
7;Ardèche;3;Third;53;Chandolas;1;382;53;329;M;Chandolas
7;Ardèche;1;First;55;Charmes-sur-Rhône;1;814;131;683;M;Charmes-sur-Rhône
7;Ardèche;1;First;55;Charmes-sur-Rhône;1;814;131;683;M;Charmes-sur-Rhône
7;Ardèche;1;First;60;Châteauneuf-de-Vernoux;1;212;23;189;M;Châteauneuf-de-Vernoux
7;Ardèche;3;Third;61;Chauzon;1;305;39;266;M;Chauzon
7;Ardèche;1;First;64;Cheylard (Le);1;1224;271;953;M;Le Cheylard
7;Ardèche;1;First;66;Chomérac;2;962;140;822;M;Chomérac
7;Ardèche;1;First;66;Chomérac;3;577;71;506;M;Chomérac
7;Ardèche;2;Second;70;Cornas;1;1001;137;864;M;Cornas
7;Ardèche;2;Second;70;Cornas;2;840;118;722;M;Cornas
1;Ain;5;Fifth;4;Ambérieu-en-Bugey;5;1050;302;748;M;Ambérieu-en-Bugey
1;Ain;5;Fifth;4;Ambérieu-en-Bugey;4;1007;220;787;M;Ambérieu-en-Bugey
1;Ain;4;Fourth;1;L'Abergement-Clémenciat;1;598;92;506;M;
1;Ain;3;Third;15;Arboys en Bugey;2;125;25;100;M;Arboys en Bugey
1;Ain;5;Fifth;4;Ambérieu-en-Bugey;7;1042;263;779;M;Ambérieu-en-Bugey
1;Ain;3;Third;34;Belley;2;912;164;748;M;Belley
1;Ain;3;Third;34;Belley;5;916;189;727;M;Belley
1;Ain;2;Second;43;Beynost;2;1157;214;943;M;Beynost
1;Ain;2;Second;43;Beynost;2;1157;214;943;M;Beynost
1;Ain;3;Third;34;Belley;3;931;299;632;F;Belley
1;Ain;5;Fifth;37;Bénonces;1;226;44;182;M;
1;Ain;5;Fifth;37;Bénonces;1;226;44;182;M;
1;Ain;1;First;40;Béréziat;1;348;72;276;M;
1;Ain;4;Fourth;85;La Chapelle-du-Châtelard;1;291;49;242;M;La Chapelle-du-Châtelard
1;Ain;5;Fifth;100;Cheignieu-la-Balme;1;138;25;113;M;Cheignieu-la-Balme
1;Ain;5;Fifth;76;Chaley;1;122;25;97;M;Chaley
1;Ain;1;First;95;Nivigne et Suran;1;437;80;357;M;Chavannes-sur-Suran
1;Ain;1;First;94;Chavannes-sur-Reyssouze;1;554;127;427;M;
1;Ain;5;Fifth;79;Champagne-en-Valromey;1;556;121;435;M;
1;Ain;2;Second;88;Charnoz-sur-Ain;1;741;84;657;F;
1;Ain;4;Fourth;83;Chaneins;1;672;107;565;F;
1;Ain;1;First;102;Chevroux;1;646;119;527;M;
1;Ain;3;Third;82;Chanay;1;386;77;309;F;
1;Ain;3;Third;110;Colomieu;1;127;20;107;M;Colomieu
1;Ain;5;Fifth;107;Cleyzieu;1;120;17;103;M;Cleyzieu
1;Ain;3;Third;104;Chézery-Forens;1;332;77;255;M;Chézery-Forens
1;Ain;3;Third;104;Chézery-Forens;1;332;77;255;M;Chézery-Forens
1;Ain;5;Fifth;112;Condamine;1;268;43;225;M;
1;Ain;5;Fifth;116;Contrevoz;1;439;73;366;M;
1;Ain;3;Third;109;Collonges;1;1165;316;849;M;
1;Ain;3;Third;118;Corbonod;1;764;151;613;M;
1;Ain;5;Fifth;265;Montréal-la-Cluse;2;1013;247;766;M;Montréal-la-Cluse
1;Ain;4;Fourth;263;Montmerle-sur-Saône;3;888;160;728;M;Montmerle-sur-Saône
1;Ain;1;First;266;Montrevel-en-Bresse;1;899;203;696;M;Montrevel-en-Bresse
1;Ain;2;Second;249;Miribel;5;822;151;671;M;Miribel
1;Ain;2;Second;249;Miribel;6;1030;239;791;M;Miribel
1;Ain;2;Second;262;Montluel;2;1692;380;1312;M;Montluel
1;Ain;3;Third;268;Murs-et-Gélignieux;1;208;39;169;M;Murs-et-Gélignieux
1;Ain;1;First;259;Montcet;1;449;61;388;M;
1;Ain;4;Fourth;258;Montceaux;1;919;165;754;M;
1;Ain;2;Second;250;Misérieux;1;1278;164;1114;M;
1;Ain;5;Fifth;283;Oyonnax;4;1393;387;1006;M;Oyonnax
1;Ain;3;Third;268;Murs-et-Gélignieux;1;208;39;169;M;Murs-et-Gélignieux
1;Ain;5;Fifth;283;Oyonnax;3;1122;313;809;M;Oyonnax
1;Ain;5;Fifth;269;Nantua;2;825;217;608;M;Nantua
1;Ain;5;Fifth;283;Oyonnax;7;1057;350;707;M;Oyonnax
1;Ain;5;Fifth;283;Oyonnax;1;1055;295;760;F;Oyonnax
1;Ain;5;Fifth;274;Les Neyrolles;1;343;70;273;M;
1;Ain;1;First;273;Neuville-sur-Ain;1;1233;238;995;M;
2;Aisne;4;Fourth;738;Tergnier;4;939;307;632;M;Tergnier
2;Aisne;4;Fourth;738;Tergnier;9;1088;321;767;M;Tergnier
2;Aisne;4;Fourth;738;Tergnier;10;897;261;636;M;Tergnier
2;Aisne;4;Fourth;738;Tergnier;10;897;261;636;M;Tergnier
2;Aisne;3;Third;740;Thenailles;1;207;41;166;F;Thenailles
2;Aisne;1;First;743;Le Thuel;1;117;23;94;M;
2;Aisne;2;Second;747;Trefcon;1;61;5;56;M;Trefcon
2;Aisne;2;Second;747;Trefcon;1;61;5;56;F;Trefcon
2;Aisne;5;Fifth;748;Trélou-sur-Marne;1;739;138;601;M;Trélou-sur-Marne
2;Aisne;4;Fourth;750;Trosly-Loire;1;422;96;326;M;
2;Aisne;1;First;755;Urcel;1;421;64;357;M;Urcel
2;Aisne;3;Third;757;Vadencourt;1;404;64;340;M;Vadencourt
2;Aisne;5;Fifth;758;Vailly-sur-Aisne;1;818;191;627;M;Vailly-sur-Aisne
2;Aisne;5;Fifth;758;Vailly-sur-Aisne;1;818;191;627;M;Vailly-sur-Aisne
2;Aisne;5;Fifth;758;Vailly-sur-Aisne;2;621;120;501;M;Vailly-sur-Aisne
2;Aisne;3;Third;759;La Vallée-au-Blé;1;201;15;186;M;La Vallée-au-Blé
2;Aisne;5;Fifth;763;Vasseny;1;149;23;126;F;
2;Aisne;1;First;764;Vassogne;1;72;8;64;M;Vassogne
2;Aisne;1;First;764;Vassogne;1;72;8;64;M;Vassogne
2;Aisne;5;Fifth;766;Vaudesson;1;184;43;141;M;Vaudesson
2;Aisne;1;First;768;Vauxaillon;1;376;58;318;M;
2;Aisne;3;Third;769;Vaux-Andigny;1;657;137;520;M;Vaux-Andigny
2;Aisne;2;Second;772;Vaux-en-Vermandois;1;100;15;85;M;Vaux-en-Vermandois
2;Aisne;2;Second;772;Vaux-en-Vermandois;1;100;15;85;M;Vaux-en-Vermandois
2;Aisne;2;Second;775;Vendeuil;1;690;103;587;M;
2;Aisne;5;Fifth;777;Vendières;1;140;28;112;M;Vendières
2;Aisne;5;Fifth;777;Vendières;1;140;28;112;M;Vendières
2;Aisne;3;Third;779;Vénérolles;1;162;37;125;M;Vénérolles
2;Aisne;5;Fifth;781;Verdilly;1;344;51;293;M;
2;Aisne;2;Second;782;Le Verguier;1;160;22;138;M;Le Verguier
2;Aisne;3;Third;783;Grand-Verly;1;117;29;88;M;Grand-Verly
2;Aisne;3;Third;784;Petit-Verly;1;123;18;105;F;Petit-Verly
2;Aisne;5;Fifth;794;Vézilly;1;150;29;121;M;Vézilly
2;Aisne;4;Fourth;795;Vic-sur-Aisne;1;1127;236;891;F;
2;Aisne;5;Fifth;800;Viffort;1;194;23;171;M;Viffort
2;Aisne;1;First;802;La Ville-aux-Bois-lès-Dizy;1;146;36;110;M;La Ville-aux-Bois-lès-Dizy
2;Aisne;4;Fourth;805;Villeneuve-Saint-Germain;2;655;139;516;M;Villeneuve-Saint-Germain
2;Aisne;2;Second;808;Villeret;1;226;48;178;M;
2;Aisne;5;Fifth;810;Villers-Cotterêts;1;784;203;581;M;Villers-Cotterêts
2;Aisne;5;Fifth;810;Villers-Cotterêts;2;927;228;699;M;Villers-Cotterêts
2;Aisne;5;Fifth;810;Villers-Cotterêts;3;1045;209;836;M;Villers-Cotterêts
2;Aisne;5;Fifth;810;Villers-Cotterêts;6;878;158;720;F;Villers-Cotterêts
2;Aisne;5;Fifth;810;Villers-Cotterêts;8;819;237;582;M;Villers-Cotterêts
2;Aisne;5;Fifth;810;Villers-Cotterêts;8;819;237;582;M;Villers-Cotterêts
2;Aisne;5;Fifth;812;Villers-Hélon;1;153;22;131;F;Villers-Hélon
2;Aisne;3;Third;813;Villers-le-Sec;1;182;32;150;F;
3;Allier;1;First;62;Charroux;1;299;44;255;M;Charroux
3;Allier;3;Third;66;Châtel-Montagne;1;315;67;248;M;Châtel-Montagne
3;Allier;2;Second;70;Chavenon;1;100;16;84;M;Chavenon
3;Allier;1;First;76;Chézy;1;176;27;149;M;Chézy
3;Allier;2;Second;77;Chirat-l'Eglise;1;101;17;84;M;Chirat-l'Église
1;Ain;5;Fifth;2;L'Abergement-de-Varey;1;209;25;184;F;L'Abergement-de-Varey
1;Ain;5;Fifth;4;Ambérieu-en-Bugey;5;1050;302;748;M;Ambérieu-en-Bugey
1;Ain;5;Fifth;4;Ambérieu-en-Bugey;3;1116;227;889;M;Ambérieu-en-Bugey
1;Ain;5;Fifth;7;Ambronay;1;1035;145;890;F;Ambronay
1;Ain;4;Fourth;1;L'Abergement-Clémenciat;1;598;92;506;M;
32;Gers;1;First;420;Sauvimont;1;58;4;54;M;Sauvimont
32;Gers;1;First;420;Sauvimont;1;58;4;54;M;Sauvimont
32;Gers;1;First;421;Savignac-Mona;1;126;22;104;M;Savignac-Mona
32;Gers;2;Second;436;Solomiac;1;361;48;313;M;
32;Gers;1;First;438;Tachoires;1;80;14;66;M;Tachoires
32;Gers;2;Second;441;Taybosc;1;54;4;50;M;Taybosc
32;Gers;2;Second;442;Terraube;1;309;47;262;M;Terraube
32;Gers;2;Second;444;Thoux;1;188;28;160;M;Thoux
32;Gers;1;First;445;Tieste-Uragnoux;1;121;21;100;M;Tieste-Uragnoux
32;Gers;1;First;446;Tillac;1;221;33;188;M;
32;Gers;1;First;450;Tourdun;1;87;8;79;M;Tourdun
32;Gers;1;First;453;Tourrenquets;1;117;23;94;M;Tourrenquets
32;Gers;1;First;454;Traversères;1;65;4;61;M;Traversères
32;Gers;1;First;454;Traversères;1;65;4;61;F;Traversères
32;Gers;1;First;455;Troncens;1;139;15;124;F;
32;Gers;2;Second;456;Tudelle;1;55;8;47;M;Tudelle
32;Gers;2;Second;459;Valence-sur-Baïse;1;902;147;755;F;Valence-sur-Baïse
32;Gers;1;First;460;Vergoignan;1;235;24;211;F;Vergoignan
32;Gers;1;First;461;Verlus;1;76;12;64;M;Verlus
32;Gers;1;First;461;Verlus;1;76;12;64;M;Verlus
32;Gers;1;First;466;Viozan;1;92;15;77;M;Viozan
32;Gers;1;First;466;Viozan;1;92;15;77;M;Viozan
32;Gers;1;First;466;Viozan;1;92;15;77;F;Viozan
33;Gironde;12;First;2;Aillas;1;598;96;502;F;Aillas
33;Gironde;4;Fourth;3;Ambarès-et-Lagrave;6;856;169;687;M;Ambarès-et-Lagrave
33;Gironde;4;Fourth;3;Ambarès-et-Lagrave;7;934;259;675;F;Ambarès-et-Lagrave
33;Gironde;4;Fourth;3;Ambarès-et-Lagrave;8;1318;378;940;M;Ambarès-et-Lagrave
33;Gironde;4;Fourth;3;Ambarès-et-Lagrave;9;848;203;645;M;Ambarès-et-Lagrave
33;Gironde;4;Fourth;3;Ambarès-et-Lagrave;9;848;203;645;M;Ambarès-et-Lagrave
33;Gironde;4;Fourth;3;Ambarès-et-Lagrave;11;789;168;621;M;Ambarès-et-Lagrave
33;Gironde;4;Fourth;4;Ambès;2;765;230;535;M;Ambès
33;Gironde;8;Eight;5;Andernos-les-Bains;1;999;197;802;M;Andernos-les-Bains
33;Gironde;8;Eight;5;Andernos-les-Bains;1;999;197;802;M;Andernos-les-Bains
33;Gironde;8;Eight;5;Andernos-les-Bains;8;1202;196;1006;F;Andernos-les-Bains
33;Gironde;8;Eight;5;Andernos-les-Bains;10;1028;151;877;M;Andernos-les-Bains
33;Gironde;9;Nineth;7;Arbanats;1;827;111;716;M;Arbanats
33;Gironde;12;First;8;Arbis;1;202;35;167;M;Arbis
33;Gironde;8;Eight;9;Arcachon;1;878;201;677;M;Arcachon
33;Gironde;8;Eight;9;Arcachon;1;878;201;677;M;Arcachon
33;Gironde;8;Eight;9;Arcachon;3;1007;193;814;M;Arcachon
33;Gironde;8;Eight;9;Arcachon;5;1074;248;826;F;Arcachon
32;Gers;1;First;240;Mascaras;1;42;10;32;M;Mascaras
32;Gers;2;Second;241;Mas-d'Auvignon;1;135;11;124;M;
32;Gers;2;Second;247;Maurens;1;241;24;217;M;
32;Gers;2;Second;248;Mauroux;1;103;11;92;F;Mauroux
32;Gers;2;Second;249;Mauvezin;1;783;144;639;M;Mauvezin
32;Gers;2;Second;249;Mauvezin;2;817;118;699;F;Mauvezin
32;Gers;1;First;250;Meilhan;1;74;7;67;M;Meilhan
32;Gers;1;First;252;Miélan;1;844;144;700;F;Miélan
32;Gers;1;First;254;Miramont-d'Astarac;1;278;37;241;M;
32;Gers;1;First;254;Miramont-d'Astarac;1;278;37;241;M;
32;Gers;2;Second;255;Miramont-Latour;1;130;24;106;M;Miramont-Latour
32;Gers;1;First;256;Mirande;2;1279;234;1045;F;Mirande
32;Gers;2;Second;257;Mirannes;1;74;10;64;M;Mirannes
32;Gers;2;Second;262;Monbrun;1;281;41;240;M;
32;Gers;2;Second;262;Monbrun;1;281;41;240;M;
32;Gers;1;First;263;Moncassin;1;100;12;88;F;Moncassin
32;Gers;2;Second;264;Monclar-d'Armagnac;1;153;27;126;M;Monclar
32;Gers;1;First;270;Mongausy;1;70;8;62;M;Mongausy
32;Gers;1;First;271;Monguilhem;1;232;28;204;M;Monguilhem
32;Gers;1;First;273;Monlezun;1;144;30;114;M;
32;Gers;1;First;276;Montadet;1;68;6;62;M;Montadet
32;Gers;1;First;276;Montadet;1;68;6;62;M;Montadet
32;Gers;1;First;279;Montaut-les-Créneaux;1;563;69;494;F;
32;Gers;1;First;282;Montégut;1;400;33;367;M;
32;Gers;1;First;283;Montégut-Arros;1;253;42;211;F;
32;Gers;1;First;283;Montégut-Arros;1;253;42;211;M;
32;Gers;1;First;284;Montégut-Savès;1;59;5;54;M;Montégut-Savès
32;Gers;1;First;285;Montesquiou;1;423;59;364;M;
32;Gers;2;Second;286;Montestruc-sur-Gers;1;490;70;420;M;Montestruc-sur-Gers
32;Gers;1;First;289;Montpézat;1;198;14;184;M;
32;Gers;2;Second;292;Mouchan;1;322;32;290;M;Mouchan
32;Gers;1;First;296;Nogaro;1;1388;266;1122;M;Nogaro
32;Gers;1;First;302;Ornézan;1;202;22;180;M;
32;Gers;2;Second;305;Panjas;1;290;39;251;M;
32;Gers;2;Second;311;Pergain-Taillac;1;238;25;213;M;
32;Gers;1;First;315;Peyrusse-Grande;1;137;20;117;M;
32;Gers;2;Second;316;Peyrusse-Massas;1;80;2;78;F;Peyrusse-Massas
32;Gers;2;Second;316;Peyrusse-Massas;1;80;2;78;M;Peyrusse-Massas
32;Gers;1;First;317;Peyrusse-Vieille;1;59;4;55;M;Peyrusse-Vieille
32;Gers;2;Second;318;Pis;1;79;8;71;F;Pis
32;Gers;1;First;323;Ponsampère;1;102;14;88;M;Ponsampère
32;Gers;1;First;325;Pouydraguin;1;100;20;80;M;Pouydraguin
32;Gers;1;First;327;Pouyloubrin;1;65;11;54;F;Pouy-Loubrin
32;Gers;1;First;327;Pouyloubrin;1;65;11;54;M;Pouy-Loubrin
32;Gers;1;First;327;Pouyloubrin;1;65;11;54;M;Pouy-Loubrin
32;Gers;1;First;327;Pouyloubrin;1;65;11;54;M;Pouy-Loubrin
33;Gironde;10;Tenth;45;Belvès-de-Castillon;1;239;40;199;M;Belvès-de-Castillon
33;Gironde;9;Nineth;46;Bernos-Beaulac;1;889;151;738;M;Bernos-Beaulac
33;Gironde;11;First;47;Berson;1;770;135;635;M;Berson
33;Gironde;12;First;48;Berthez;1;197;24;173;M;Berthez
33;Gironde;8;Eight;51;Biganos;3;990;195;795;F;Biganos
33;Gironde;8;Eight;51;Biganos;4;977;216;761;F;Biganos
33;Gironde;8;Eight;51;Biganos;5;982;210;772;M;Biganos
33;Gironde;8;Eight;51;Biganos;5;982;210;772;M;Biganos
26;Drôme;2;Second;252;Portes-lès-Valence;5;833;238;595;F;Portes-lès-Valence
26;Drôme;2;Second;252;Portes-lès-Valence;5;833;238;595;M;Portes-lès-Valence
26;Drôme;2;Second;252;Portes-lès-Valence;8;807;141;666;M;Portes-lès-Valence
26;Drôme;3;Third;254;Pradelle;1;29;7;22;M;Pradelle
26;Drôme;3;Third;256;Propiac;1;83;10;73;M;Propiac
26;Drôme;3;Third;256;Propiac;1;83;10;73;F;Propiac
26;Drôme;4;Fourth;259;Ratières;1;223;36;187;F;Ratières
26;Drôme;4;Fourth;259;Ratières;1;223;36;187;M;Ratières
26;Drôme;3;Third;262;Recoubeau-Jansac;1;199;24;175;M;Recoubeau-Jansac
26;Drôme;3;Third;264;Rémuzat;1;272;46;226;M;Rémuzat
26;Drôme;3;Third;266;Rimon-et-Savel;1;39;4;35;M;Rimon-et-Savel
26;Drôme;3;Third;269;Rochebrune;1;64;14;50;M;Rochebrune
26;Drôme;1;First;271;La Roche-de-Glun;1;854;146;708;M;La Roche-de-Glun
26;Drôme;1;First;271;La Roche-de-Glun;3;942;146;796;M;La Roche-de-Glun
26;Drôme;3;Third;277;La Roche-sur-Grane;1;143;22;121;M;La Roche-sur-Grane
26;Drôme;3;Third;278;La Roche-sur-le-Buis;1;244;54;190;F;La Roche-sur-le-Buis
26;Drôme;4;Fourth;281;Romans-sur-Isère;3;1044;283;761;M;Romans-sur-Isère
26;Drôme;4;Fourth;281;Romans-sur-Isère;6;1122;356;766;M;Romans-sur-Isère
26;Drôme;4;Fourth;281;Romans-sur-Isère;7;1015;224;791;M;Romans-sur-Isère
26;Drôme;4;Fourth;281;Romans-sur-Isère;11;1064;245;819;F;Romans-sur-Isère
26;Drôme;4;Fourth;281;Romans-sur-Isère;14;1064;211;853;M;Romans-sur-Isère
26;Drôme;4;Fourth;281;Romans-sur-Isère;20;1117;250;867;M;Romans-sur-Isère
26;Drôme;3;Third;282;Romeyer;1;182;27;155;M;Romeyer
26;Drôme;3;Third;282;Romeyer;1;182;27;155;M;Romeyer
26;Drôme;3;Third;282;Romeyer;1;182;27;155;M;Romeyer
26;Drôme;3;Third;284;Roussas;1;353;84;269;M;Roussas
26;Drôme;3;Third;289;Saillans;1;1078;216;862;M;Saillans
26;Drôme;3;Third;292;Saint-Auban-sur-l'Ouvèze;1;178;35;143;M;Saint-Auban-sur-l'Ouvèze
26;Drôme;4;Fourth;295;Saint-Barthélemy-de-Vals;1;1302;221;1081;M;Saint-Barthélemy-de-Vals
26;Drôme;4;Fourth;297;Saint-Bonnet-de-Valclérieux;1;196;26;170;M;Saint-Bonnet-de-Valclérieux
26;Drôme;3;Third;300;Saint-Dizier-en-Diois;1;39;11;28;M;Saint-Dizier-en-Diois
26;Drôme;4;Fourth;301;Saint-Donat-sur-l'Herbasse;2;931;143;788;M;Saint-Donat-sur-l'Herbasse
26;Drôme;2;Second;305;Saint-Gervais-sur-Roubion;1;705;112;593;M;Saint-Gervais-sur-Roubion
26;Drôme;3;Third;306;Sainte-Jalle;1;227;38;189;M;Sainte-Jalle
26;Drôme;3;Third;309;Saint-Julien-en-Vercors;1;202;29;173;M;Saint-Julien-en-Vercors
26;Drôme;3;Third;311;Saint-Laurent-en-Royans;1;873;159;714;M;Saint-Laurent-en-Royans
26;Drôme;1;First;313;Saint-Marcel-lès-Valence;1;1231;249;982;M;Saint-Marcel-lès-Valence
26;Drôme;3;Third;69;Chamaloc;1;109;14;95;F;Chamaloc
26;Drôme;3;Third;69;Chamaloc;1;109;14;95;F;Chamaloc
26;Drôme;4;Fourth;77;Charmes-sur-l'Herbasse;1;645;95;550;M;Charmes-sur-l'Herbasse
26;Drôme;4;Fourth;79;Charpey;1;707;104;603;M;Charpey
26;Drôme;3;Third;82;Châteauneuf-de-Bordette;1;95;12;83;M;Châteauneuf-de-Bordette
26;Drôme;4;Fourth;83;Châteauneuf-de-Galaure;1;1196;177;1019;M;Châteauneuf-de-Galaure
26;Drôme;2;Second;85;Châteauneuf-du-Rhône;2;967;153;814;M;Châteauneuf-du-Rhône
26;Drôme;4;Fourth;87;Châtillon-Saint-Jean;1;922;152;770;F;Châtillon-Saint-Jean
26;Drôme;4;Fourth;88;Chatuzange-le-Goubet;2;781;135;646;M;Chatuzange-le-Goubet
26;Drôme;4;Fourth;94;Claveyson;1;647;67;580;M;Claveyson
26;Drôme;2;Second;95;Cléon-d'Andran;1;657;103;554;F;Cléon-d'Andran
26;Drôme;4;Fourth;96;Clérieux;1;835;161;674;M;Clérieux
26;Drôme;2;Second;97;Cliousclat;1;545;79;466;M;Cliousclat
26;Drôme;3;Third;103;Condorcet;1;328;49;279;M;Condorcet
26;Drôme;3;Third;104;Cornillac;1;68;7;61;F;Cornillac
26;Drôme;3;Third;108;Crest;1;1020;183;837;M;Crest
26;Drôme;3;Third;108;Crest;2;822;170;652;M;Crest
26;Drôme;1;First;110;Crozes-Hermitage;1;471;50;421;M;Crozes-Hermitage
26;Drôme;3;Third;114;Dieulefit;1;782;169;613;F;Dieulefit
26;Drôme;3;Third;114;Dieulefit;1;782;169;613;M;Dieulefit
26;Drôme;3;Third;114;Dieulefit;3;880;138;742;F;Dieulefit
26;Drôme;3;Third;115;Divajeu;1;482;68;414;M;Divajeu
26;Drôme;2;Second;116;Donzère;1;1038;320;718;M;Donzère
26;Drôme;2;Second;116;Donzère;2;877;180;697;F;Donzère
26;Drôme;3;Third;117;Echevis;1;51;5;46;F;Échevis
26;Drôme;1;First;119;Erôme;1;605;102;503;M;Érôme
26;Drôme;2;Second;121;Espeluche;1;898;155;743;M;Espeluche
26;Drôme;3;Third;122;Espenel;1;118;24;94;M;Espenel
26;Drôme;3;Third;123;Establet;1;32;5;27;F;Establet
26;Drôme;3;Third;126;Eygalayes;1;90;18;72;M;Eygalayes
26;Drôme;4;Fourth;129;Eymeux;1;707;128;579;M;Eymeux
26;Drôme;3;Third;130;Eyroles;1;36;5;31;M;Eyroles
26;Drôme;3;Third;130;Eyroles;1;36;5;31;M;Eyroles
26;Drôme;3;Third;134;Félines-sur-Rimandoule;1;63;8;55;M;Félines-sur-Rimandoule
25;Doubs;3;Third;559;Thiébouhans;1;163;36;127;M;Thiébouhans
25;Doubs;4;Fourth;562;Thulay;1;196;36;160;M;Thulay
25;Doubs;2;Second;563;Thurey-le-Mont;1;95;11;84;M;Thurey-le-Mont
25;Doubs;3;Third;571;Trévillers;1;354;52;302;M;Trévillers
25;Doubs;3;Third;572;Trouvans;1;85;8;77;M;Trouvans
25;Doubs;3;Third;573;Urtière;1;14;3;11;F;Urtière
25;Doubs;2;Second;579;Val-de-Roulans;1;118;4;114;M;Val-de-Roulans
25;Doubs;4;Fourth;580;Valentigney;2;1009;240;769;M;Valentigney
25;Doubs;4;Fourth;580;Valentigney;4;682;148;534;F;Valentigney
25;Doubs;4;Fourth;580;Valentigney;6;1074;319;755;M;Valentigney
25;Doubs;3;Third;589;Vauclusotte;1;79;12;67;M;Vauclusotte
25;Doubs;1;First;594;Velesmes-Essarts;1;244;39;205;M;Velesmes-Essarts
25;Doubs;2;Second;598;Venise;1;324;55;269;M;Venise
25;Doubs;2;Second;598;Venise;1;324;55;269;M;Venise
25;Doubs;2;Second;599;Vennans;1;160;18;142;F;Vennans
25;Doubs;2;Second;599;Vennans;1;160;18;142;M;Vennans
25;Doubs;5;Fifth;600;Vennes;1;132;8;124;M;Vennes
25;Doubs;3;Third;602;Vergranne;1;96;11;85;F;Vergranne
25;Doubs;3;Third;604;Verne;1;116;28;88;M;Verne
25;Doubs;4;Fourth;607;Vernois-lès-Belvoir;1;56;12;44;M;Vernois-lès-Belvoir
25;Doubs;2;Second;612;Vieilley;1;496;78;418;M;Vieilley
25;Doubs;2;Second;612;Vieilley;1;496;78;418;M;Vieilley
25;Doubs;3;Third;613;Viéthorey;1;84;8;76;M;Viéthorey
25;Doubs;4;Fourth;614;Vieux-Charmont;1;1026;217;809;M;Vieux-Charmont
25;Doubs;4;Fourth;614;Vieux-Charmont;2;954;191;763;M;Vieux-Charmont
25;Doubs;4;Fourth;615;Villars-lès-Blamont;1;334;47;287;M;Villars-lès-Blamont
25;Doubs;4;Fourth;617;Villars-sous-Dampjoux;1;308;51;257;M;Villars-sous-Dampjoux
25;Doubs;5;Fifth;625;Villers-la-Combe;1;51;12;39;M;Villers-la-Combe
25;Doubs;3;Third;626;Villers-Saint-Martin;1;167;5;162;M;Villers-Saint-Martin
1;Ain;5;Fifth;4;Ambérieu-en-Bugey;6;1108;262;846;M;Ambérieu-en-Bugey
1;Ain;5;Fifth;4;Ambérieu-en-Bugey;2;1128;256;872;M;Ambérieu-en-Bugey
1;Ain;5;Fifth;4;Ambérieu-en-Bugey;5;1050;302;748;F;Ambérieu-en-Bugey
1;Ain;5;Fifth;4;Ambérieu-en-Bugey;3;1116;227;889;M;Ambérieu-en-Bugey
1;Ain;4;Fourth;5;Ambérieux-en-Dombes;1;1172;215;957;M;
1;Ain;4;Fourth;5;Ambérieux-en-Dombes;1;1172;215;957;M;
5;Hautes-Alpes;1;First;61;Gap;21;1665;276;1389;M;Gap
5;Hautes-Alpes;1;First;61;Gap;22;1020;176;844;M;Gap
5;Hautes-Alpes;1;First;61;Gap;22;1020;176;844;M;Gap
5;Hautes-Alpes;2;Second;62;Le Glaizil;1;164;19;145;M;Le Glaizil
5;Hautes-Alpes;1;First;68;Jarjayes;1;351;63;288;M;Jarjayes
5;Hautes-Alpes;1;First;70;Laragne-Montéglin;1;832;141;691;F;Laragne-Montéglin
5;Hautes-Alpes;1;First;70;Laragne-Montéglin;2;828;148;680;M;Laragne-Montéglin
5;Hautes-Alpes;1;First;71;Lardier-et-Valença;1;290;36;254;F;Lardier-et-Valença
5;Hautes-Alpes;1;First;73;Lazer;1;304;37;267;M;Lazer
5;Hautes-Alpes;1;First;81;Montclus;1;43;10;33;M;Montclus
5;Hautes-Alpes;2;Second;82;Mont-Dauphin;1;119;11;108;M;Mont-Dauphin
5;Hautes-Alpes;1;First;86;Montjay;1;95;12;83;M;Montjay
5;Hautes-Alpes;1;First;88;Montmorin;1;106;24;82;M;Montmorin
5;Hautes-Alpes;2;Second;90;La Motte-en-Champsaur;1;184;28;156;M;La Motte-en-Champsaur
5;Hautes-Alpes;1;First;91;Moydans;1;50;6;44;M;Moydans
5;Hautes-Alpes;2;Second;93;Névache;1;334;53;281;M;Névache
5;Hautes-Alpes;2;Second;96;Orcières;1;662;114;548;M;Orcières
5;Hautes-Alpes;2;Second;98;Les Orres;1;412;85;327;F;Les Orres
5;Hautes-Alpes;1;First;99;Oze;1;81;10;71;M;Oze
5;Hautes-Alpes;2;Second;101;Vallouise-Pelvoux;1;439;88;351;M;Pelvoux
5;Hautes-Alpes;2;Second;107;Puy-Saint-André;1;381;59;322;M;Puy-Saint-André
5;Hautes-Alpes;2;Second;110;Puy-Saint-Vincent;1;271;75;196;M;Puy-Saint-Vincent
5;Hautes-Alpes;1;First;113;Rambaud;1;333;37;296;F;Rambaud
5;Hautes-Alpes;1;First;117;Ribeyret;1;111;18;93;M;Ribeyret
5;Hautes-Alpes;1;First;117;Ribeyret;1;111;18;93;F;Ribeyret
5;Hautes-Alpes;1;First;118;Val Buëch-Méouge;2;288;37;251;M;Val Buëch-Méouge
5;Hautes-Alpes;2;Second;119;Risoul;1;672;112;560;M;Risoul
5;Hautes-Alpes;2;Second;122;La Roche-de-Rame;1;671;146;525;M;La Roche-de-Rame
5;Hautes-Alpes;2;Second;128;Saint-André-d'Embrun;1;563;85;478;M;Saint-André-d'Embrun
5;Hautes-Alpes;1;First;129;Saint-André-de-Rosans;1;174;23;151;M;Saint-André-de-Rosans
5;Hautes-Alpes;2;Second;132;Saint-Bonnet-en-Champsaur;1;967;123;844;M;Saint-Bonnet-en-Champsaur
5;Hautes-Alpes;2;Second;133;Saint-Chaffrey;1;1297;239;1058;M;Saint-Chaffrey
5;Hautes-Alpes;1;First;139;Le Dévoluy;1;854;199;655;F;Dévoluy
5;Hautes-Alpes;2;Second;144;Saint-Jacques-en-Valgodemard;1;157;20;137;M;Saint-Jacques-en-Valgodemard
5;Hautes-Alpes;2;Second;145;Saint-Jean-Saint-Nicolas;1;780;130;650;M;Saint-Jean-Saint-Nicolas
5;Hautes-Alpes;2;Second;147;Saint-Julien-en-Champsaur;1;309;33;276;M;Saint-Julien-en-Champsaur
5;Hautes-Alpes;2;Second;148;Saint-Laurent-du-Cros;1;446;52;394;M;Saint-Laurent-du-Cros
5;Hautes-Alpes;2;Second;148;Saint-Laurent-du-Cros;1;446;52;394;F;Saint-Laurent-du-Cros
6;Alpes-Maritimes;9;Nineth;30;Le Cannet;13;991;216;775;M;Le Cannet
6;Alpes-Maritimes;9;Nineth;30;Le Cannet;13;991;216;775;M;Le Cannet
6;Alpes-Maritimes;9;Nineth;30;Le Cannet;15;851;153;698;M;Le Cannet
6;Alpes-Maritimes;9;Nineth;30;Le Cannet;15;851;153;698;F;Le Cannet
6;Alpes-Maritimes;9;Nineth;30;Le Cannet;18;764;172;592;M;Le Cannet
6;Alpes-Maritimes;9;Nineth;30;Le Cannet;25;1052;204;848;M;Le Cannet
6;Alpes-Maritimes;9;Nineth;30;Le Cannet;26;1009;202;807;M;Le Cannet
6;Alpes-Maritimes;9;Nineth;30;Le Cannet;27;1125;255;870;M;Le Cannet
6;Alpes-Maritimes;9;Nineth;30;Le Cannet;28;1096;264;832;M;Le Cannet
6;Alpes-Maritimes;9;Nineth;30;Le Cannet;30;1219;306;913;M;Le Cannet
6;Alpes-Maritimes;4;Fourth;32;Cap-d'Ail;3;948;195;753;M;Cap-d'Ail
6;Alpes-Maritimes;4;Fourth;32;Cap-d'Ail;3;948;195;753;M;Cap-d'Ail
6;Alpes-Maritimes;2;Second;33;Carros;1;705;115;590;M;Carros
6;Alpes-Maritimes;2;Second;33;Carros;8;806;118;688;M;Carros
6;Alpes-Maritimes;4;Fourth;35;Castellar;1;773;140;633;F;Castellar
6;Alpes-Maritimes;4;Fourth;35;Castellar;1;773;140;633;M;Castellar
6;Alpes-Maritimes;7;Seventh;38;Châteauneuf-Grasse;2;1217;216;1001;M;Châteauneuf-Grasse
6;Alpes-Maritimes;7;Seventh;38;Châteauneuf-Grasse;2;1217;216;1001;M;Châteauneuf-Grasse
6;Alpes-Maritimes;6;Sixth;44;La Colle-sur-Loup;3;907;173;734;M;La Colle-sur-Loup
6;Alpes-Maritimes;6;Sixth;44;La Colle-sur-Loup;4;1048;174;874;M;La Colle-sur-Loup
6;Alpes-Maritimes;6;Sixth;44;La Colle-sur-Loup;7;915;157;758;F;La Colle-sur-Loup
6;Alpes-Maritimes;6;Sixth;44;La Colle-sur-Loup;7;915;157;758;M;La Colle-sur-Loup
6;Alpes-Maritimes;5;Fifth;46;Colomars;4;820;110;710;M;Colomars
6;Alpes-Maritimes;4;Fourth;48;Contes;4;690;90;600;M;Contes
6;Alpes-Maritimes;4;Fourth;48;Contes;4;690;90;600;M;Contes
6;Alpes-Maritimes;4;Fourth;48;Contes;8;636;102;534;M;Contes
6;Alpes-Maritimes;2;Second;52;Cuébris;1;144;23;121;M;Cuébris
6;Alpes-Maritimes;4;Fourth;54;Drap;2;814;313;501;M;Drap
6;Alpes-Maritimes;4;Fourth;54;Drap;3;839;181;658;M;Drap
6;Alpes-Maritimes;4;Fourth;54;Drap;4;765;152;613;M;Drap
6;Alpes-Maritimes;4;Fourth;54;Drap;4;765;152;613;M;Drap
6;Alpes-Maritimes;4;Fourth;57;L'Escarène;2;991;245;746;M;L'Escarène
6;Alpes-Maritimes;4;Fourth;59;Eze;1;870;190;680;M;Èze
6;Alpes-Maritimes;3;Third;60;Falicon;1;754;115;639;M;Falicon
6;Alpes-Maritimes;3;Third;60;Falicon;2;949;132;817;M;Falicon
6;Alpes-Maritimes;6;Sixth;27;Cagnes-sur-Mer;25;736;180;556;F;Cagnes-sur-Mer
6;Alpes-Maritimes;6;Sixth;27;Cagnes-sur-Mer;26;699;141;558;M;Cagnes-sur-Mer
6;Alpes-Maritimes;6;Sixth;27;Cagnes-sur-Mer;27;661;170;491;M;Cagnes-sur-Mer
6;Alpes-Maritimes;6;Sixth;27;Cagnes-sur-Mer;31;735;156;579;M;Cagnes-sur-Mer
6;Alpes-Maritimes;6;Sixth;27;Cagnes-sur-Mer;32;722;140;582;F;Cagnes-sur-Mer
6;Alpes-Maritimes;6;Sixth;27;Cagnes-sur-Mer;33;697;151;546;M;Cagnes-sur-Mer
6;Alpes-Maritimes;6;Sixth;27;Cagnes-sur-Mer;38;707;133;574;M;Cagnes-sur-Mer
6;Alpes-Maritimes;6;Sixth;27;Cagnes-sur-Mer;41;716;127;589;M;Cagnes-sur-Mer
6;Alpes-Maritimes;6;Sixth;27;Cagnes-sur-Mer;43;690;127;563;M;Cagnes-sur-Mer
6;Alpes-Maritimes;6;Sixth;27;Cagnes-sur-Mer;45;785;115;670;M;Cagnes-sur-Mer
6;Alpes-Maritimes;8;Eight;29;Cannes;103;866;176;690;F;Cannes
6;Alpes-Maritimes;8;Eight;29;Cannes;103;866;176;690;M;Cannes
6;Alpes-Maritimes;8;Eight;29;Cannes;103;866;176;690;M;Cannes
6;Alpes-Maritimes;8;Eight;29;Cannes;104;953;180;773;M;Cannes
6;Alpes-Maritimes;8;Eight;29;Cannes;106;954;192;762;M;Cannes
6;Alpes-Maritimes;8;Eight;29;Cannes;115;818;212;606;M;
6;Alpes-Maritimes;8;Eight;29;Cannes;120;1183;326;857;M;Cannes
6;Alpes-Maritimes;8;Eight;29;Cannes;203;933;233;700;M;Cannes
6;Alpes-Maritimes;8;Eight;29;Cannes;204;733;187;546;F;Cannes
6;Alpes-Maritimes;8;Eight;29;Cannes;205;883;184;699;M;Cannes
6;Alpes-Maritimes;8;Eight;29;Cannes;206;918;203;715;M;Cannes
25;Doubs;2;Second;73;Bonnay;1;610;95;515;M;Bonnay
25;Doubs;2;Second;78;Bouclans;1;745;107;638;M;Bouclans
25;Doubs;4;Fourth;82;Bourguignon;1;729;132;597;M;Bourguignon
25;Doubs;1;First;84;Boussières;1;782;128;654;F;Boussières
25;Doubs;5;Fifth;85;Bouverans;1;265;34;231;M;Bouverans
25;Doubs;2;Second;86;Braillans;1;128;17;111;F;Braillans
25;Doubs;5;Fifth;89;Bremondans;1;81;10;71;M;Bremondans
25;Doubs;1;First;90;Brères;1;52;13;39;M;Brères
25;Doubs;3;Third;93;Bretigney;1;58;7;51;M;Bretigney
25;Doubs;3;Third;94;Bretigney-Notre-Dame;1;104;14;90;F;Bretigney-Notre-Dame
25;Doubs;5;Fifth;96;Brey-et-Maison-du-Bois;1;100;19;81;M;Brey-et-Maison-du-Bois
25;Doubs;5;Fifth;96;Brey-et-Maison-du-Bois;1;100;19;81;M;Brey-et-Maison-du-Bois
25;Doubs;5;Fifth;99;Bugny;1;121;19;102;M;Bugny
25;Doubs;5;Fifth;99;Bugny;1;121;19;102;M;Bugny
25;Doubs;1;First;109;Cessey;1;302;57;245;M;Cessey
25;Doubs;5;Fifth;113;Chamesey;1;93;5;88;M;Chamesey
25;Doubs;2;Second;117;Champoux;1;68;7;61;M;Champoux
25;Doubs;2;Second;117;Champoux;1;68;7;61;M;Champoux
25;Doubs;2;Second;120;Chantrans;1;320;52;268;M;Chantrans
25;Doubs;3;Third;124;Charmauvillers;1;186;34;152;M;Charmauvillers
25;Doubs;2;Second;132;Châtillon-Guyotte;1;106;11;95;M;Châtillon-Guyotte
25;Doubs;2;Second;133;Châtillon-le-Duc;1;848;130;718;M;Châtillon-le-Duc
25;Doubs;1;First;134;Châtillon-sur-Lison;1;17;3;14;M;Châtillon-sur-Lison
25;Doubs;1;First;134;Châtillon-sur-Lison;1;17;3;14;F;Châtillon-sur-Lison
25;Doubs;1;First;136;Chaucenne;1;371;49;322;M;Chaucenne
25;Doubs;5;Fifth;141;Chaux-lès-Passavant;1;99;17;82;F;Chaux-lès-Passavant
25;Doubs;1;First;143;Chay;1;161;26;135;M;Chay
25;Doubs;1;First;147;Chemaudin-et-Vaux;BV01;708;122;586;M;
25;Doubs;5;Fifth;148;La Chenalotte;1;304;41;263;M;La Chenalotte
25;Doubs;1;First;149;Chenecey-Buillon;1;388;73;315;M;Chenecey-Buillon
25;Doubs;1;First;150;Chevigney-sur-l'Ognon;1;201;29;172;F;Chevigney-sur-l'Ognon
25;Doubs;5;Fifth;157;La Cluse-et-Mijoux;1;904;145;759;F;La Cluse-et-Mijoux
25;Doubs;4;Fourth;159;Colombier-Fontaine;1;1011;200;811;M;Colombier-Fontaine
25;Doubs;5;Fifth;160;Les Combes;2;157;20;137;F;Les Combes
25;Doubs;5;Fifth;161;Consolation-Maisonnettes;1;36;18;18;M;Consolation-Maisonnettes
25;Doubs;1;First;171;Courcelles;1;65;12;53;M;Courcelles
25;Doubs;3;Third;48;Bavans;4;711;158;553;M;Bavans
25;Doubs;5;Fifth;50;Le Bélieu;1;328;48;280;M;Le Bélieu
25;Doubs;5;Fifth;52;Belmont;1;63;10;53;M;Belmont
25;Doubs;1;First;56;Besançon;201;1001;254;747;M;Besançon
25;Doubs;1;First;56;Besançon;201;1001;254;747;F;Besançon
25;Doubs;1;First;56;Besançon;201;1001;254;747;M;Besançon
25;Doubs;1;First;56;Besançon;203;974;179;795;M;Besançon
25;Doubs;1;First;56;Besançon;301;857;221;636;M;Besançon
25;Doubs;1;First;56;Besançon;303;744;225;519;F;Besançon
25;Doubs;1;First;56;Besançon;303;744;225;519;M;Besançon
25;Doubs;1;First;56;Besançon;304;1312;327;985;M;Besançon
25;Doubs;1;First;56;Besançon;309;975;240;735;M;Besançon
25;Doubs;1;First;56;Besançon;601;821;350;471;M;
25;Doubs;1;First;56;Besançon;602;1051;490;561;M;Besançon
25;Doubs;1;First;56;Besançon;604;1045;463;582;M;Besançon
25;Doubs;1;First;56;Besançon;606;930;429;501;M;Besançon
25;Doubs;1;First;56;Besançon;610;746;216;530;M;Besançon
25;Doubs;1;First;56;Besançon;610;746;216;530;M;Besançon
25;Doubs;2;Second;56;Besançon;101;1194;272;922;M;Besançon
25;Doubs;2;Second;56;Besançon;403;946;248;698;M;Besançon
25;Doubs;2;Second;56;Besançon;404;846;201;645;M;Besançon
25;Doubs;2;Second;56;Besançon;405;682;123;559;M;Besançon
25;Doubs;2;Second;56;Besançon;407;976;228;748;M;Besançon
25;Doubs;2;Second;56;Besançon;415;1010;197;813;F;Besançon
25;Doubs;2;Second;56;Besançon;501;1248;262;986;M;Besançon
25;Doubs;2;Second;56;Besançon;504;942;162;780;M;Besançon
25;Doubs;2;Second;56;Besançon;505;807;150;657;M;Besançon
25;Doubs;2;Second;56;Besançon;507;1087;292;795;M;Besançon
25;Doubs;2;Second;56;Besançon;508;671;166;505;M;Besançon
25;Doubs;2;Second;56;Besançon;510;1349;305;1044;F;Besançon
25;Doubs;2;Second;56;Besançon;514;674;148;526;M;Besançon
25;Doubs;3;Third;57;Bethoncourt;3;639;211;428;F;Bethoncourt
25;Doubs;2;Second;58;Beure;1;1083;269;814;M;Beure
25;Doubs;4;Fourth;63;Blamont;1;817;126;691;M;Blamont
25;Doubs;2;Second;65;Blarians;1;52;5;47;F;Blarians
25;Doubs;3;Third;66;Blussangeaux;1;73;9;64;M;Blussangeaux
25;Doubs;5;Fifth;70;Bolandoz;1;290;34;256;M;Bolandoz
25;Doubs;1;First;258;Franois;2;927;181;746;M;Franois
25;Doubs;5;Fifth;259;Frasne;1;1391;308;1083;M;Frasne
25;Doubs;5;Fifth;268;Germéfontaine;1;96;14;82;M;Germéfontaine
25;Doubs;2;Second;269;Germondans;1;56;5;51;M;Germondans
25;Doubs;2;Second;273;Glamondans;1;162;14;148;M;Glamondans
25;Doubs;3;Third;276;Gondenans-Montby;1;143;27;116;M;Gondenans-Montby
25;Doubs;3;Third;277;Gondenans-les-Moulins;1;60;11;49;M;Gondenans-les-Moulins
25;Doubs;4;Fourth;284;Grand-Charmont;1;919;211;708;M;Grand-Charmont
25;Doubs;5;Fifth;285;Grand'Combe-Châteleu;1;1127;184;943;M;Grand'Combe-Châteleu
25;Doubs;5;Fifth;289;Grandfontaine-sur-Creuse;1;60;9;51;M;Grandfontaine-sur-Creuse
25;Doubs;5;Fifth;293;Granges-Narboz;1;824;131;693;M;Granges-Narboz
25;Doubs;2;Second;297;Le Gratteris;1;113;18;95;F;Le Gratteris
25;Doubs;2;Second;300;Guyans-Durnes;1;193;30;163;M;Guyans-Durnes
25;Doubs;5;Fifth;301;Guyans-Vennes;1;602;84;518;M;Guyans-Vennes
25;Doubs;4;Fourth;304;Hérimoncourt;0A01;770;175;595;F;
25;Doubs;5;Fifth;308;Les Hôpitaux-Vieux;1;276;39;237;M;Les Hôpitaux-Vieux
25;Doubs;3;Third;311;Hyémondans;1;160;18;142;M;Hyémondans
25;Doubs;3;Third;312;Hyèvre-Magny;1;55;2;53;M;Hyèvre-Magny
25;Doubs;5;Fifth;318;Jougne;2;505;128;377;F;Jougne
25;Doubs;5;Fifth;321;Villers-le-Lac;1;1784;380;1404;F;Villers-le-Lac
25;Doubs;5;Fifth;325;Landresse;1;173;21;152;M;Landresse
25;Doubs;5;Fifth;325;Landresse;1;173;21;152;M;Landresse
25;Doubs;3;Third;327;Lanthenans;1;61;13;48;M;Lanthenans
25;Doubs;1;First;328;Larnod;1;511;60;451;M;Larnod
25;Doubs;1;First;328;Larnod;1;511;60;451;F;Larnod
25;Doubs;5;Fifth;329;Laval-le-Prieuré;1;31;5;26;M;Laval-le-Prieuré
25;Doubs;2;Second;331;Lavans-Vuillafans;1;181;23;158;M;Lavans-Vuillafans
38;Isère;3;Third;185;Grenoble;84;788;331;457;F;Grenoble
38;Isère;3;Third;185;Grenoble;86;860;262;598;M;Grenoble
38;Isère;4;Fourth;187;Le Gua;3;210;42;168;M;Le Gua
38;Isère;4;Fourth;187;Le Gua;3;210;42;168;M;Le Gua
38;Isère;2;Second;188;Herbeys;1;1092;131;961;M;Herbeys
38;Isère;10;Tenth;193;L'Isle-d'Abeau;4;1466;393;1073;M;L'Isle-d'Abeau
38;Isère;10;Tenth;193;L'Isle-d'Abeau;7;1034;291;743;M;L'Isle-d'Abeau
38;Isère;9;Nineth;194;Izeaux;1;1520;320;1200;M;Izeaux
38;Isère;8;Eight;199;Jardin;1;850;158;692;M;Jardin
38;Isère;8;Eight;199;Jardin;2;907;128;779;F;Jardin
38;Isère;2;Second;200;Jarrie;1;1061;206;855;F;Jarrie
38;Isère;2;Second;200;Jarrie;2;720;96;624;M;Jarrie
38;Isère;2;Second;203;Laffrey;1;330;54;276;M;Laffrey
38;Isère;4;Fourth;204;Lalley;1;199;35;164;M;Lalley
38;Isère;4;Fourth;208;Lavars;1;133;19;114;F;Lavars
38;Isère;7;Seventh;209;Lentiol;1;187;29;158;M;Lentiol
38;Isère;4;Fourth;212;Livet-et-Gavet;3;209;40;169;M;Livet-et-Gavet
38;Isère;7;Seventh;213;Longechenal;1;431;79;352;M;Longechenal
38;Isère;7;Seventh;218;Marcilloles;1;733;145;588;M;Marcilloles
38;Isère;7;Seventh;218;Marcilloles;1;733;145;588;M;Marcilloles
38;Isère;7;Seventh;219;Marcollin;1;495;104;391;M;Marcollin
38;Isère;7;Seventh;221;Marnans;1;112;27;85;M;Marnans
38;Isère;10;Tenth;223;Maubec;1;743;124;619;M;Maubec
38;Isère;4;Fourth;224;Mayres-Savel;1;90;12;78;M;Mayres-Savel
38;Isère;4;Fourth;225;Autrans-Méaudre en Vercors;1;1130;223;907;M;Autrans-Méaudre en Vercors
38;Isère;1;First;229;Meylan;12;964;193;771;M;Meylan
38;Isère;1;First;229;Meylan;12;964;193;771;M;Meylan
38;Isère;10;Tenth;230;Meyrié;1;898;129;769;M;Meyrié
38;Isère;4;Fourth;235;Miribel-Lanchâtre;1;289;28;261;F;Miribel-Lanchâtre
38;Isère;5;Fifth;236;Miribel-les-Echelles;1;1442;287;1155;F;Miribel-les-Échelles
38;Isère;4;Fourth;237;Mizoën;1;192;33;159;M;Mizoën
38;Isère;7;Seventh;15;Artas;1;1293;211;1082;M;Artas
38;Isère;8;Eight;19;Auberives-sur-Varèze;1;1078;244;834;M;Auberives-sur-Varèze
38;Isère;4;Fourth;20;Auris;1;254;78;176;M;Auris
38;Isère;4;Fourth;20;Auris;1;254;78;176;M;Auris
38;Isère;6;Sixth;22;Les Avenières Veyrins-Thuellin;2;1410;313;1097;M;Les Avenières Veyrins-Thuellin
38;Isère;6;Sixth;22;Les Avenières Veyrins-Thuellin;3;1383;288;1095;M;Les Avenières Veyrins-Thuellin
38;Isère;9;Nineth;30;Beaucroissant;1;1210;253;957;M;Beaucroissant
38;Isère;9;Nineth;30;Beaucroissant;1;1210;253;957;F;Beaucroissant
38;Isère;7;Seventh;34;Beaurepaire;2;759;204;555;M;Beaurepaire
38;Isère;7;Seventh;34;Beaurepaire;2;759;204;555;M;Beaurepaire
38;Isère;7;Seventh;38;Belmont;1;373;58;315;M;Belmont
38;Isère;1;First;39;Bernin;2;1249;172;1077;M;Bernin
38;Isère;7;Seventh;42;Bévenais;1;733;112;621;M;Bévenais
38;Isère;7;Seventh;44;Biol;2;511;72;439;M;Biol
38;Isère;1;First;45;Biviers;2;992;133;859;M;Biviers
38;Isère;1;First;45;Biviers;2;992;133;859;M;Biviers
38;Isère;7;Seventh;46;Bizonnes;1;658;95;563;M;Bizonnes
38;Isère;10;Tenth;48;Bonnefamille;1;890;179;711;M;Bonnefamille
38;Isère;7;Seventh;51;Bougé-Chambalud;1;972;156;816;F;Bougé-Chambalud
38;Isère;6;Sixth;53;Bourgoin-Jallieu;1;1067;292;775;M;Bourgoin-Jallieu
38;Isère;6;Sixth;53;Bourgoin-Jallieu;3;1085;257;828;F;Bourgoin-Jallieu
38;Isère;6;Sixth;53;Bourgoin-Jallieu;6;1038;352;686;F;Bourgoin-Jallieu
38;Isère;10;Tenth;53;Bourgoin-Jallieu;14;970;251;719;M;Bourgoin-Jallieu
38;Isère;10;Tenth;53;Bourgoin-Jallieu;15;1008;212;796;F;Bourgoin-Jallieu
38;Isère;10;Tenth;53;Bourgoin-Jallieu;16;1020;251;769;M;Bourgoin-Jallieu
38;Isère;9;Nineth;61;La Buisse;1;1181;191;990;M;La Buisse
38;Isère;5;Fifth;62;La Buissière;1;504;67;437;M;La Buissière
38;Isère;10;Tenth;64;Cessieu;1;1031;223;808;M;Cessieu
38;Isère;7;Seventh;65;Châbons;1;753;130;623;F;Châbons
38;Isère;2;Second;71;Champ-sur-Drac;2;993;242;751;M;Champ-sur-Drac
37;Indre-et-Loire;4;Fourth;226;Sainte-Maure-de-Touraine;1;958;246;712;M;Sainte-Maure-de-Touraine
37;Indre-et-Loire;5;Fifth;228;Saint-Nicolas-de-Bourgueil;1;889;126;763;M;Saint-Nicolas-de-Bourgueil
37;Indre-et-Loire;2;Second;229;Saint-Nicolas-des-Motets;1;205;32;173;M;Saint-Nicolas-des-Motets
37;Indre-et-Loire;2;Second;230;Saint-Ouen-les-Vignes;1;773;85;688;M;
37;Indre-et-Loire;3;Third;233;Saint-Pierre-des-Corps;2;1027;260;767;M;Saint-Pierre-des-Corps
37;Indre-et-Loire;3;Third;233;Saint-Pierre-des-Corps;5;440;159;281;M;Saint-Pierre-des-Corps
37;Indre-et-Loire;3;Third;233;Saint-Pierre-des-Corps;5;440;159;281;M;Saint-Pierre-des-Corps
37;Indre-et-Loire;3;Third;233;Saint-Pierre-des-Corps;9;805;288;517;M;Saint-Pierre-des-Corps
37;Indre-et-Loire;3;Third;233;Saint-Pierre-des-Corps;10;955;304;651;M;Saint-Pierre-des-Corps
37;Indre-et-Loire;2;Second;236;Saint-Règle;1;400;56;344;M;Saint-Règle
37;Indre-et-Loire;5;Fifth;237;Saint-Roch;1;954;117;837;M;Saint-Roch
37;Indre-et-Loire;4;Fourth;243;Savonnières;1;1352;146;1206;M;Savonnières
37;Indre-et-Loire;3;Third;246;Sennevières;1;170;17;153;M;Sennevières
37;Indre-et-Loire;3;Third;247;Sepmes;1;468;84;384;M;Sepmes
37;Indre-et-Loire;2;Second;253;Sublaines;1;142;20;122;M;Sublaines
37;Indre-et-Loire;4;Fourth;256;Theneuil;1;270;47;223;F;
37;Indre-et-Loire;4;Fourth;257;Thilouze;1;1194;221;973;F;
37;Indre-et-Loire;1;First;261;Tours;1521;1228;249;979;M;
37;Indre-et-Loire;1;First;261;Tours;1531;1381;381;1000;M;
37;Indre-et-Loire;1;First;261;Tours;1533;1080;242;838;M;
37;Indre-et-Loire;1;First;261;Tours;1533;1080;242;838;M;
37;Indre-et-Loire;1;First;261;Tours;1572;1513;269;1244;M;
37;Indre-et-Loire;1;First;261;Tours;1572;1513;269;1244;M;
37;Indre-et-Loire;1;First;261;Tours;1581;705;135;570;M;
37;Indre-et-Loire;1;First;261;Tours;1612;1277;235;1042;M;
37;Indre-et-Loire;1;First;261;Tours;1613;981;221;760;M;
37;Indre-et-Loire;1;First;261;Tours;1613;981;221;760;F;
37;Indre-et-Loire;1;First;261;Tours;1625;680;268;412;M;
37;Indre-et-Loire;1;First;261;Tours;1632;957;160;797;M;
37;Indre-et-Loire;1;First;261;Tours;1634;1025;184;841;M;
37;Indre-et-Loire;1;First;261;Tours;1652;1111;236;875;M;
37;Indre-et-Loire;1;First;261;Tours;1732;863;226;637;F;
37;Indre-et-Loire;1;First;261;Tours;1732;863;226;637;M;
37;Indre-et-Loire;1;First;261;Tours;1742;985;220;765;M;
37;Indre-et-Loire;1;First;261;Tours;1752;934;157;777;F;
37;Indre-et-Loire;1;First;261;Tours;1752;934;157;777;M;
37;Indre-et-Loire;1;First;261;Tours;1753;845;204;641;M;
37;Indre-et-Loire;1;First;261;Tours;1761;899;166;733;F;
37;Indre-et-Loire;2;Second;175;Nouzilly;1;927;72;855;M;Nouzilly
1;Ain;5;Fifth;4;Ambérieu-en-Bugey;8;1019;199;820;M;Ambérieu-en-Bugey
1;Ain;5;Fifth;4;Ambérieu-en-Bugey;2;1128;256;872;M;Ambérieu-en-Bugey
4;Alpes-de-Haute-Provence;2;Second;237;Le Vernet;1;165;24;141;F;Le Vernet
4;Alpes-de-Haute-Provence;2;Second;237;Le Vernet;1;165;24;141;M;Le Vernet
4;Alpes-de-Haute-Provence;2;Second;242;Villeneuve;3;1079;223;856;M;Villeneuve
4;Alpes-de-Haute-Provence;1;First;244;Volonne;1;1265;205;1060;M;Volonne
4;Alpes-de-Haute-Provence;1;First;244;Volonne;1;1265;205;1060;M;Volonne
4;Alpes-de-Haute-Provence;2;Second;245;Volx;1;1171;245;926;M;Volx
4;Alpes-de-Haute-Provence;2;Second;245;Volx;2;1261;220;1041;M;Volx
5;Hautes-Alpes;2;Second;4;Ancelle;1;837;135;702;M;Ancelle
5;Hautes-Alpes;2;Second;6;L'Argentière-la-Bessée;1;1666;338;1328;M;L'Argentière-la-Bessée
5;Hautes-Alpes;2;Second;7;Arvieux;1;332;43;289;M;Arvieux
5;Hautes-Alpes;2;Second;12;Baratier;1;424;58;366;M;Baratier
5;Hautes-Alpes;1;First;14;Barret-sur-Méouge;1;174;42;132;M;Barret-sur-Méouge
5;Hautes-Alpes;1;First;14;Barret-sur-Méouge;1;174;42;132;M;Barret-sur-Méouge
5;Hautes-Alpes;1;First;17;La Bâtie-Neuve;2;822;132;690;M;La Bâtie-Neuve
5;Hautes-Alpes;1;First;18;La Bâtie-Vieille;1;288;35;253;F;La Bâtie-Vieille
5;Hautes-Alpes;1;First;21;Le Bersac;1;129;17;112;M;Le Bersac
5;Hautes-Alpes;2;Second;23;Briançon;2;1322;312;1010;M;Briançon
5;Hautes-Alpes;2;Second;23;Briançon;5;1306;265;1041;M;Briançon
5;Hautes-Alpes;2;Second;32;Champoléon;1;142;15;127;M;Champoléon
5;Hautes-Alpes;1;First;35;Châteauneuf-d'Oze;1;30;5;25;M;Châteauneuf-d'Oze
5;Hautes-Alpes;1;First;35;Châteauneuf-d'Oze;1;30;5;25;M;Châteauneuf-d'Oze
5;Hautes-Alpes;2;Second;36;Châteauroux-les-Alpes;1;903;135;768;M;Châteauroux-les-Alpes
5;Hautes-Alpes;2;Second;36;Châteauroux-les-Alpes;1;903;135;768;M;Châteauroux-les-Alpes
5;Hautes-Alpes;2;Second;36;Châteauroux-les-Alpes;1;903;135;768;M;Châteauroux-les-Alpes
5;Hautes-Alpes;2;Second;38;Château-Ville-Vieille;1;302;52;250;M;Château-Ville-Vieille
5;Hautes-Alpes;2;Second;39;Chauffayer;1;327;55;272;F;Chauffayer
5;Hautes-Alpes;2;Second;40;Chorges;2;776;128;648;M;Chorges
5;Hautes-Alpes;2;Second;43;Les Costes;1;161;25;136;M;Les Costes
5;Hautes-Alpes;2;Second;46;Embrun;2;1773;427;1346;M;Embrun
5;Hautes-Alpes;1;First;49;Esparron;1;49;6;43;F;Esparron
5;Hautes-Alpes;2;Second;52;Eygliers;1;609;96;513;M;Eygliers
5;Hautes-Alpes;2;Second;54;La Fare-en-Champsaur;1;308;61;247;M;La Fare-en-Champsaur
5;Hautes-Alpes;2;Second;54;La Fare-en-Champsaur;1;308;61;247;M;La Fare-en-Champsaur
5;Hautes-Alpes;1;First;55;La Faurie;1;313;56;257;M;La Faurie
5;Hautes-Alpes;1;First;57;Fouillouse;1;205;25;180;M;Fouillouse
5;Hautes-Alpes;1;First;59;La Freissinouse;1;574;68;506;M;La Freissinouse
5;Hautes-Alpes;1;First;59;La Freissinouse;1;574;68;506;M;La Freissinouse
5;Hautes-Alpes;1;First;61;Gap;1;1399;387;1012;M;Gap
5;Hautes-Alpes;1;First;61;Gap;2;1442;395;1047;M;Gap
5;Hautes-Alpes;1;First;61;Gap;3;1458;355;1103;F;Gap
5;Hautes-Alpes;1;First;61;Gap;3;1458;355;1103;M;Gap
5;Hautes-Alpes;1;First;61;Gap;4;1449;423;1026;F;Gap
5;Hautes-Alpes;1;First;61;Gap;6;1153;280;873;M;Gap
5;Hautes-Alpes;1;First;61;Gap;8;1304;311;993;M;Gap
5;Hautes-Alpes;1;First;61;Gap;11;1366;215;1151;M;Gap
5;Hautes-Alpes;1;First;61;Gap;13;1416;358;1058;F;Gap
5;Hautes-Alpes;1;First;61;Gap;14;1358;240;1118;M;Gap
5;Hautes-Alpes;1;First;61;Gap;15;1280;277;1003;F;Gap
5;Hautes-Alpes;1;First;61;Gap;17;1216;195;1021;M;Gap
5;Hautes-Alpes;1;First;61;Gap;19;925;145;780;M;Gap
8;Ardennes;3;Third;343;Pouru-Saint-Remy;1;869;186;683;F;Pouru-Saint-Remy
8;Ardennes;3;Third;343;Pouru-Saint-Remy;1;869;186;683;M;Pouru-Saint-Remy
8;Ardennes;1;First;344;Prez;1;112;23;89;M;Prez
8;Ardennes;2;Second;346;Prix-lès-Mézières;1;1141;224;917;M;Prix-lès-Mézières
8;Ardennes;3;Third;347;Puilly-et-Charbeaux;1;181;30;151;F;Puilly-et-Charbeaux
8;Ardennes;2;Second;355;Regniowez;1;243;82;161;M;Regniowez
8;Ardennes;1;First;362;Rethel;3;1089;290;799;M;Rethel
8;Ardennes;1;First;362;Rethel;4;1142;279;863;M;Rethel
8;Ardennes;1;First;362;Rethel;4;1142;279;863;M;Rethel
8;Ardennes;1;First;362;Rethel;5;1148;333;815;F;Rethel
8;Ardennes;2;Second;363;Revin;1;1485;570;915;M;Revin
8;Ardennes;2;Second;363;Revin;3;1362;373;989;M;Revin
8;Ardennes;2;Second;365;Rimogne;1;924;169;755;M;Rimogne
8;Ardennes;1;First;366;Rocquigny;2;61;11;50;M;Rocquigny
8;Ardennes;1;First;366;Rocquigny;3;90;16;74;M;Rocquigny
8;Ardennes;2;Second;367;Rocroi;3;69;28;41;M;Rocroi
8;Ardennes;2;Second;367;Rocroi;3;69;28;41;M;Rocroi
8;Ardennes;1;First;372;Rubigny;1;52;4;48;M;Rubigny
8;Ardennes;1;First;372;Rubigny;1;52;4;48;M;Rubigny
8;Ardennes;3;Third;379;Saint-Etienne-à-Arnes;1;180;15;165;F;Saint-Étienne-à-Arnes
8;Ardennes;3;Third;384;Saint-Lambert-et-Mont-de-Jeux;1;136;33;103;M;Saint-Lambert-et-Mont-de-Jeux
8;Ardennes;1;First;385;Saint-Laurent;1;616;69;547;M;Saint-Laurent
8;Ardennes;1;First;385;Saint-Laurent;2;164;20;144;M;Saint-Laurent
8;Ardennes;1;First;386;Saint-Loup-Champagne;1;207;26;181;F;
8;Ardennes;3;Third;387;Saint-Loup-Terrier;1;142;22;120;M;Saint-Loup-Terrier
8;Ardennes;1;First;388;Saint-Marceau;1;289;45;244;M;Saint-Marceau
8;Ardennes;1;First;395;Saint-Pierre-sur-Vence;1;119;24;95;F;Saint-Pierre-sur-Vence
8;Ardennes;1;First;396;Saint-Quentin-le-Petit;1;117;29;88;M;Saint-Quentin-le-Petit
8;Ardennes;1;First;396;Saint-Quentin-le-Petit;1;117;29;88;F;Saint-Quentin-le-Petit
8;Ardennes;1;First;397;Saint-Remy-le-Petit;1;41;6;35;M;Saint-Remy-le-Petit
8;Ardennes;3;Third;398;Sainte-Vaubourg;1;71;5;66;M;Sainte-Vaubourg
8;Ardennes;3;Third;398;Sainte-Vaubourg;1;71;5;66;M;Sainte-Vaubourg
8;Ardennes;1;First;400;Sapogne-et-Feuchères;1;375;48;327;M;Sapogne-et-Feuchères
8;Ardennes;1;First;403;Sault-lès-Rethel;1;1266;240;1026;M;Sault-lès-Rethel
8;Ardennes;1;First;404;Sault-Saint-Remy;1;132;17;115;M;Sault-Saint-Remy
8;Ardennes;3;Third;405;Sauville;1;191;32;159;F;Sauville
8;Ardennes;3;Third;405;Sauville;1;191;32;159;M;Sauville
8;Ardennes;3;Third;409;Sedan;2;911;272;639;M;Sedan
8;Ardennes;3;Third;409;Sedan;4;619;132;487;M;Sedan
8;Ardennes;3;Third;409;Sedan;9;824;239;585;M;Sedan
8;Ardennes;3;Third;409;Sedan;10;1087;348;739;M;Sedan
8;Ardennes;3;Third;409;Sedan;11;870;276;594;M;Sedan
8;Ardennes;3;Third;409;Sedan;11;870;276;594;M;Sedan
8;Ardennes;3;Third;409;Sedan;11;870;276;594;M;Sedan
8;Ardennes;3;Third;409;Sedan;12;814;188;626;M;Sedan
8;Ardennes;3;Third;409;Sedan;12;814;188;626;M;Sedan
8;Ardennes;2;Second;162;Fagnon;1;309;50;259;M;Fagnon
8;Ardennes;1;First;163;Faissault;1;183;31;152;M;Faissault
22;Côtes-d'Armor;1;First;278;Saint-Brieuc;19;778;147;631;M;Saint-Brieuc
22;Côtes-d'Armor;1;First;278;Saint-Brieuc;23;953;252;701;F;Saint-Brieuc
22;Côtes-d'Armor;1;First;278;Saint-Brieuc;26;875;236;639;M;Saint-Brieuc
22;Côtes-d'Armor;1;First;278;Saint-Brieuc;30;755;161;594;M;Saint-Brieuc
22;Côtes-d'Armor;1;First;278;Saint-Brieuc;36;739;224;515;M;Saint-Brieuc
22;Côtes-d'Armor;2;Second;280;Saint-Carné;1;836;146;690;M;Saint-Carné
22;Côtes-d'Armor;3;Third;281;Saint-Carreuc;1;1100;144;956;F;Saint-Carreuc
22;Côtes-d'Armor;2;Second;282;Saint-Cast-le-Guildo;1;1232;178;1054;M;Saint-Cast-le-Guildo
22;Côtes-d'Armor;2;Second;282;Saint-Cast-le-Guildo;2;1193;211;982;M;Saint-Cast-le-Guildo
22;Côtes-d'Armor;1;First;287;Saint-Donan;1;573;74;499;F;Saint-Donan
22;Côtes-d'Armor;1;First;287;Saint-Donan;2;584;69;515;M;Saint-Donan
22;Côtes-d'Armor;5;Fifth;293;Saint-Gilles-les-Bois;1;312;50;262;F;Saint-Gilles-les-Bois
22;Côtes-d'Armor;4;Fourth;294;Saint-Gilles-Pligeaux;1;211;32;179;M;Saint-Gilles-Pligeaux
22;Côtes-d'Armor;3;Third;296;Saint-Glen;1;494;66;428;M;Saint-Glen
22;Côtes-d'Armor;1;First;307;Saint-Julien;1;768;81;687;F;Saint-Julien
22;Côtes-d'Armor;1;First;307;Saint-Julien;2;776;101;675;M;Saint-Julien
22;Côtes-d'Armor;2;Second;308;Saint-Juvat;1;549;85;464;F;Saint-Juvat
22;Côtes-d'Armor;4;Fourth;310;Saint-Laurent;1;375;37;338;M;Saint-Laurent
22;Côtes-d'Armor;2;Second;312;Saint-Maden;1;182;22;160;M;Saint-Maden
22;Côtes-d'Armor;3;Third;313;Saint-Martin-des-Prés;1;257;28;229;M;Saint-Martin-des-Prés
22;Côtes-d'Armor;3;Third;313;Saint-Martin-des-Prés;1;257;28;229;M;Saint-Martin-des-Prés
22;Côtes-d'Armor;3;Third;316;Saint-Mayeux;1;323;40;283;M;Saint-Mayeux
22;Côtes-d'Armor;2;Second;317;Saint-Méloir-des-Bois;1;193;14;179;M;Saint-Méloir-des-Bois
22;Côtes-d'Armor;2;Second;318;Saint-Michel-de-Plélan;1;242;32;210;M;Saint-Michel-de-Plélan
22;Côtes-d'Armor;4;Fourth;320;Saint-Nicodème;1;128;28;100;M;Saint-Nicodème
22;Côtes-d'Armor;4;Fourth;320;Saint-Nicodème;1;128;28;100;M;Saint-Nicodème
22;Côtes-d'Armor;4;Fourth;322;Saint-Péver;1;284;34;250;M;Saint-Péver
22;Côtes-d'Armor;4;Fourth;322;Saint-Péver;1;284;34;250;M;Saint-Péver
22;Côtes-d'Armor;3;Third;330;Saint-Thélo;1;328;68;260;F;Saint-Thélo
22;Côtes-d'Armor;3;Third;330;Saint-Thélo;1;328;68;260;M;Saint-Thélo
22;Côtes-d'Armor;4;Fourth;331;Sainte-Tréphine;1;147;37;110;M;Sainte-Tréphine
22;Côtes-d'Armor;4;Fourth;338;Squiffiec;1;621;108;513;M;Squiffiec
22;Côtes-d'Armor;4;Fourth;338;Squiffiec;1;621;108;513;M;Squiffiec
22;Côtes-d'Armor;2;Second;339;Taden;1;935;98;837;M;Taden
22;Côtes-d'Armor;4;Fourth;340;Tonquédec;1;895;138;757;M;Tonquédec
22;Côtes-d'Armor;2;Second;342;Trébédan;1;281;29;252;M;Trébédan
22;Côtes-d'Armor;5;Fifth;343;Trébeurden;2;869;142;727;M;Trébeurden
22;Côtes-d'Armor;5;Fifth;343;Trébeurden;2;869;142;727;M;Trébeurden
22;Côtes-d'Armor;4;Fourth;231;Plourac'h;1;252;43;209;M;Plourac'h
22;Côtes-d'Armor;5;Fifth;233;Plourivo;1;633;85;548;M;Plourivo
22;Côtes-d'Armor;5;Fifth;233;Plourivo;3;618;108;510;M;Plourivo
22;Côtes-d'Armor;1;First;234;Plouvara;1;742;92;650;M;Plouvara
22;Côtes-d'Armor;4;Fourth;235;Plouzélambre;1;197;31;166;M;Plouzélambre
22;Côtes-d'Armor;4;Fourth;235;Plouzélambre;1;197;31;166;M;Plouzélambre
22;Côtes-d'Armor;2;Second;237;Pluduno;1;916;111;805;F;Pluduno
22;Côtes-d'Armor;2;Second;237;Pluduno;1;916;111;805;M;Pluduno
22;Côtes-d'Armor;2;Second;239;Plumaudan;1;883;123;760;M;Plumaudan
22;Côtes-d'Armor;2;Second;242;Plurien;1;1244;166;1078;M;Plurien
22;Côtes-d'Armor;2;Second;242;Plurien;1;1244;166;1078;M;Plurien
22;Côtes-d'Armor;4;Fourth;243;Plusquellec;1;427;76;351;M;Plusquellec
22;Côtes-d'Armor;4;Fourth;245;Pluzunet;1;769;100;669;F;Pluzunet
22;Côtes-d'Armor;3;Third;246;Pommeret;2;599;85;514;M;Pommeret
22;Côtes-d'Armor;5;Fifth;247;Pommerit-Jaudy;1;826;125;701;M;Pommerit-Jaudy
22;Côtes-d'Armor;4;Fourth;248;Pommerit-le-Vicomte;2;692;99;593;M;Pommerit-le-Vicomte
22;Côtes-d'Armor;4;Fourth;249;Pont-Melvez;1;503;89;414;M;Pont-Melvez
22;Côtes-d'Armor;1;First;251;Pordic;2;665;82;583;F;Pordic
22;Côtes-d'Armor;1;First;251;Pordic;4;604;79;525;F;Pordic
22;Côtes-d'Armor;1;First;251;Pordic;7;862;125;737;M;Pordic
22;Côtes-d'Armor;5;Fifth;254;Prat;1;851;140;711;M;Prat
22;Côtes-d'Armor;3;Third;255;La Prénessaye;1;593;77;516;F;La Prénessaye
22;Côtes-d'Armor;3;Third;255;La Prénessaye;1;593;77;516;M;La Prénessaye
22;Côtes-d'Armor;3;Third;262;Quintin;1;962;155;807;F;Quintin
22;Côtes-d'Armor;5;Fifth;264;La Roche-Derrien;1;791;101;690;M;La Roche-Derrien
22;Côtes-d'Armor;4;Fourth;266;Rostrenen;3;706;128;578;M;Rostrenen
22;Côtes-d'Armor;2;Second;268;Ruca;1;499;71;428;M;Ruca
22;Côtes-d'Armor;2;Second;268;Ruca;1;499;71;428;M;Ruca
22;Côtes-d'Armor;2;Second;273;Saint-Alban;1;906;95;811;M;Saint-Alban
22;Côtes-d'Armor;3;Third;276;Saint-Bihy;1;172;16;156;M;Saint-Bihy
22;Côtes-d'Armor;3;Third;276;Saint-Bihy;1;172;16;156;F;Saint-Bihy
22;Côtes-d'Armor;1;First;278;Saint-Brieuc;2;975;250;725;M;Saint-Brieuc
22;Côtes-d'Armor;3;Third;100;Langast;1;486;65;421;M;Langast
22;Côtes-d'Armor;5;Fifth;101;Langoat;1;874;133;741;M;Langoat
22;Côtes-d'Armor;2;Second;103;Langrolay-sur-Rance;1;700;81;619;M;Langrolay-sur-Rance
22;Côtes-d'Armor;2;Second;105;Languenan;1;821;132;689;F;Languenan
22;Côtes-d'Armor;1;First;106;Langueux;4;775;117;658;M;Langueux
22;Côtes-d'Armor;4;Fourth;107;Bon Repos sur Blavet;1;600;102;498;M;
22;Côtes-d'Armor;4;Fourth;112;Lannebert;1;347;57;290;M;Lannebert
22;Côtes-d'Armor;4;Fourth;112;Lannebert;1;347;57;290;M;Lannebert
22;Côtes-d'Armor;5;Fifth;113;Lannion;1;669;130;539;M;Lannion
22;Côtes-d'Armor;5;Fifth;113;Lannion;8;908;110;798;M;Lannion
22;Côtes-d'Armor;5;Fifth;113;Lannion;8;908;110;798;M;Lannion
22;Côtes-d'Armor;5;Fifth;113;Lannion;10;580;139;441;M;Lannion
22;Côtes-d'Armor;5;Fifth;113;Lannion;14;847;139;708;M;Lannion
22;Côtes-d'Armor;5;Fifth;113;Lannion;15;1095;151;944;F;Lannion
22;Côtes-d'Armor;5;Fifth;113;Lannion;15;1095;151;944;M;Lannion
22;Côtes-d'Armor;5;Fifth;113;Lannion;17;859;104;755;M;Lannion
22;Côtes-d'Armor;2;Second;118;Lanvallay;2;997;161;836;F;Lanvallay
22;Côtes-d'Armor;2;Second;118;Lanvallay;4;623;58;565;F;Lanvallay
22;Côtes-d'Armor;3;Third;122;Laurenan;1;552;88;464;F;Laurenan
